"","Time_ET","Fall_River_Water_Prediction","Boston_Water_Prediction","Falmouth_Water_Prediction"
"1","2026-09-26 10:54:00","2.744","9.91","2.744"
"2","2026-09-26 11:00:00","2.612","9.992","2.612"
"3","2026-09-26 11:06:00","2.48","10.06","2.48"
"4","2026-09-26 11:12:00","2.349","10.116","2.349"
"5","2026-09-26 11:18:00","2.219","10.157","2.219"
"6","2026-09-26 11:24:00","2.09","10.186","2.09"
"7","2026-09-26 11:30:00","1.963","10.202","1.963"
"8","2026-09-26 11:36:00","1.837","10.204","1.837"
"9","2026-09-26 11:42:00","1.714","10.193","1.714"
"10","2026-09-26 11:48:00","1.592","10.17","1.592"
"11","2026-09-26 11:54:00","1.473","10.134","1.473"
"12","2026-09-26 12:00:00","1.358","10.086","1.358"
"13","2026-09-26 12:06:00","1.245","10.025","1.245"
"14","2026-09-26 12:12:00","1.136","9.953","1.136"
"15","2026-09-26 12:18:00","1.03","9.87","1.03"
"16","2026-09-26 12:24:00","0.929","9.775","0.929"
"17","2026-09-26 12:30:00","0.832","9.67","0.832"
"18","2026-09-26 12:36:00","0.74","9.554","0.74"
"19","2026-09-26 12:42:00","0.654","9.428","0.654"
"20","2026-09-26 12:48:00","0.573","9.292","0.573"
"21","2026-09-26 12:54:00","0.498","9.147","0.498"
"22","2026-09-26 13:00:00","0.429","8.993","0.429"
"23","2026-09-26 13:06:00","0.367","8.831","0.367"
"24","2026-09-26 13:12:00","0.311","8.66","0.311"
"25","2026-09-26 13:18:00","0.262","8.481","0.262"
"26","2026-09-26 13:24:00","0.221","8.295","0.221"
"27","2026-09-26 13:30:00","0.186","8.103","0.186"
"28","2026-09-26 13:36:00","0.159","7.903","0.159"
"29","2026-09-26 13:42:00","0.14","7.698","0.14"
"30","2026-09-26 13:48:00","0.127","7.487","0.127"
"31","2026-09-26 13:54:00","0.122","7.271","0.122"
"32","2026-09-26 14:00:00","0.123","7.049","0.123"
"33","2026-09-26 14:06:00","0.132","6.824","0.132"
"34","2026-09-26 14:12:00","0.146","6.594","0.146"
"35","2026-09-26 14:18:00","0.167","6.361","0.167"
"36","2026-09-26 14:24:00","0.194","6.124","0.194"
"37","2026-09-26 14:30:00","0.226","5.885","0.226"
"38","2026-09-26 14:36:00","0.262","5.644","0.262"
"39","2026-09-26 14:42:00","0.304","5.4","0.304"
"40","2026-09-26 14:48:00","0.349","5.155","0.349"
"41","2026-09-26 14:54:00","0.397","4.909","0.397"
"42","2026-09-26 15:00:00","0.449","4.662","0.449"
"43","2026-09-26 15:06:00","0.503","4.415","0.503"
"44","2026-09-26 15:12:00","0.559","4.168","0.559"
"45","2026-09-26 15:18:00","0.617","3.921","0.617"
"46","2026-09-26 15:24:00","0.677","3.677","0.677"
"47","2026-09-26 15:30:00","0.737","3.433","0.737"
"48","2026-09-26 15:36:00","0.799","3.193","0.799"
"49","2026-09-26 15:42:00","0.861","2.955","0.861"
"50","2026-09-26 15:48:00","0.924","2.721","0.924"
"51","2026-09-26 15:54:00","0.987","2.492","0.987"
"52","2026-09-26 16:00:00","1.051","2.268","1.051"
"53","2026-09-26 16:06:00","1.116","2.05","1.116"
"54","2026-09-26 16:12:00","1.181","1.839","1.181"
"55","2026-09-26 16:18:00","1.247","1.636","1.247"
"56","2026-09-26 16:24:00","1.314","1.441","1.314"
"57","2026-09-26 16:30:00","1.383","1.256","1.383"
"58","2026-09-26 16:36:00","1.453","1.081","1.453"
"59","2026-09-26 16:42:00","1.525","0.917","1.525"
"60","2026-09-26 16:48:00","1.599","0.765","1.599"
"61","2026-09-26 16:54:00","1.675","0.626","1.675"
"62","2026-09-26 17:00:00","1.754","0.501","1.754"
"63","2026-09-26 17:06:00","1.835","0.39","1.835"
"64","2026-09-26 17:12:00","1.92","0.294","1.92"
"65","2026-09-26 17:18:00","2.007","0.213","2.007"
"66","2026-09-26 17:24:00","2.098","0.148","2.098"
"67","2026-09-26 17:30:00","2.192","0.1","2.192"
"68","2026-09-26 17:36:00","2.29","0.067","2.29"
"69","2026-09-26 17:42:00","2.39","0.052","2.39"
"70","2026-09-26 17:48:00","2.494","0.052","2.494"
"71","2026-09-26 17:54:00","2.601","0.07","2.601"
"72","2026-09-26 18:00:00","2.711","0.103","2.711"
"73","2026-09-26 18:06:00","2.823","0.152","2.823"
"74","2026-09-26 18:12:00","2.937","0.217","2.937"
"75","2026-09-26 18:18:00","3.053","0.297","3.053"
"76","2026-09-26 18:24:00","3.17","0.391","3.17"
"77","2026-09-26 18:30:00","3.288","0.498","3.288"
"78","2026-09-26 18:36:00","3.406","0.619","3.406"
"79","2026-09-26 18:42:00","3.524","0.752","3.524"
"80","2026-09-26 18:48:00","3.641","0.896","3.641"
"81","2026-09-26 18:54:00","3.757","1.05","3.757"
"82","2026-09-26 19:00:00","3.871","1.215","3.871"
"83","2026-09-26 19:06:00","3.982","1.388","3.982"
"84","2026-09-26 19:12:00","4.089","1.569","4.089"
"85","2026-09-26 19:18:00","4.193","1.758","4.193"
"86","2026-09-26 19:24:00","4.292","1.954","4.292"
"87","2026-09-26 19:30:00","4.386","2.156","4.386"
"88","2026-09-26 19:36:00","4.474","2.363","4.474"
"89","2026-09-26 19:42:00","4.556","2.576","4.556"
"90","2026-09-26 19:48:00","4.631","2.793","4.631"
"91","2026-09-26 19:54:00","4.699","3.014","4.699"
"92","2026-09-26 20:00:00","4.759","3.239","4.759"
"93","2026-09-26 20:06:00","4.811","3.467","4.811"
"94","2026-09-26 20:12:00","4.855","3.698","4.855"
"95","2026-09-26 20:18:00","4.89","3.932","4.89"
"96","2026-09-26 20:24:00","4.916","4.169","4.916"
"97","2026-09-26 20:30:00","4.933","4.408","4.933"
"98","2026-09-26 20:36:00","4.94","4.649","4.94"
"99","2026-09-26 20:42:00","4.938","4.891","4.938"
"100","2026-09-26 20:48:00","4.927","5.135","4.927"
"101","2026-09-26 20:54:00","4.906","5.381","4.906"
"102","2026-09-26 21:00:00","4.876","5.627","4.876"
"103","2026-09-26 21:06:00","4.837","5.873","4.837"
"104","2026-09-26 21:12:00","4.789","6.119","4.789"
"105","2026-09-26 21:18:00","4.731","6.365","4.731"
"106","2026-09-26 21:24:00","4.666","6.609","4.666"
"107","2026-09-26 21:30:00","4.592","6.851","4.592"
"108","2026-09-26 21:36:00","4.51","7.091","4.51"
"109","2026-09-26 21:42:00","4.421","7.328","4.421"
"110","2026-09-26 21:48:00","4.325","7.561","4.325"
"111","2026-09-26 21:54:00","4.223","7.789","4.223"
"112","2026-09-26 22:00:00","4.114","8.011","4.114"
"113","2026-09-26 22:06:00","4.0","8.227","4.0"
"114","2026-09-26 22:12:00","3.881","8.436","3.881"
"115","2026-09-26 22:18:00","3.757","8.637","3.757"
"116","2026-09-26 22:24:00","3.63","8.83","3.63"
"117","2026-09-26 22:30:00","3.499","9.013","3.499"
"118","2026-09-26 22:36:00","3.365","9.186","3.365"
"119","2026-09-26 22:42:00","3.228","9.348","3.228"
"120","2026-09-26 22:48:00","3.09","9.5","3.09"
"121","2026-09-26 22:54:00","2.95","9.639","2.95"
"122","2026-09-26 23:00:00","2.809","9.766","2.809"
"123","2026-09-26 23:06:00","2.668","9.88","2.668"
"124","2026-09-26 23:12:00","2.526","9.982","2.526"
"125","2026-09-26 23:18:00","2.385","10.07","2.385"
"126","2026-09-26 23:24:00","2.244","10.145","2.244"
"127","2026-09-26 23:30:00","2.104","10.206","2.104"
"128","2026-09-26 23:36:00","1.965","10.254","1.965"
"129","2026-09-26 23:42:00","1.828","10.288","1.828"
"130","2026-09-26 23:48:00","1.693","10.309","1.693"
"131","2026-09-26 23:54:00","1.56","10.316","1.56"
"132","2026-09-27 00:00:00","1.43","10.309","1.43"
"133","2026-09-27 00:06:00","1.303","10.29","1.303"
"134","2026-09-27 00:12:00","1.178","10.258","1.178"
"135","2026-09-27 00:18:00","1.058","10.212","1.058"
"136","2026-09-27 00:24:00","0.941","10.155","0.941"
"137","2026-09-27 00:30:00","0.828","10.085","0.828"
"138","2026-09-27 00:36:00","0.72","10.004","0.72"
"139","2026-09-27 00:42:00","0.617","9.911","0.617"
"140","2026-09-27 00:48:00","0.519","9.806","0.519"
"141","2026-09-27 00:54:00","0.427","9.691","0.427"
"142","2026-09-27 01:00:00","0.34","9.566","0.34"
"143","2026-09-27 01:06:00","0.26","9.43","0.26"
"144","2026-09-27 01:12:00","0.186","9.284","0.186"
"145","2026-09-27 01:18:00","0.12","9.129","0.12"
"146","2026-09-27 01:24:00","0.06","8.965","0.06"
"147","2026-09-27 01:30:00","0.008","8.793","0.008"
"148","2026-09-27 01:36:00","-0.037","8.613","-0.037"
"149","2026-09-27 01:42:00","-0.074","8.424","-0.074"
"150","2026-09-27 01:48:00","-0.103","8.229","-0.103"
"151","2026-09-27 01:54:00","-0.124","8.026","-0.124"
"152","2026-09-27 02:00:00","-0.136","7.818","-0.136"
"153","2026-09-27 02:06:00","-0.141","7.603","-0.141"
"154","2026-09-27 02:12:00","-0.139","7.383","-0.139"
"155","2026-09-27 02:18:00","-0.128","7.158","-0.128"
"156","2026-09-27 02:24:00","-0.11","6.928","-0.11"
"157","2026-09-27 02:30:00","-0.085","6.695","-0.085"
"158","2026-09-27 02:36:00","-0.053","6.457","-0.053"
"159","2026-09-27 02:42:00","-0.014","6.217","-0.014"
"160","2026-09-27 02:48:00","0.03","5.973","0.03"
"161","2026-09-27 02:54:00","0.08","5.728","0.08"
"162","2026-09-27 03:00:00","0.136","5.48","0.136"
"163","2026-09-27 03:06:00","0.195","5.232","0.195"
"164","2026-09-27 03:12:00","0.259","4.982","0.259"
"165","2026-09-27 03:18:00","0.327","4.732","0.327"
"166","2026-09-27 03:24:00","0.397","4.482","0.397"
"167","2026-09-27 03:30:00","0.471","4.232","0.471"
"168","2026-09-27 03:36:00","0.546","3.984","0.546"
"169","2026-09-27 03:42:00","0.623","3.737","0.623"
"170","2026-09-27 03:48:00","0.701","3.492","0.701"
"171","2026-09-27 03:54:00","0.781","3.25","0.781"
"172","2026-09-27 04:00:00","0.861","3.011","0.861"
"173","2026-09-27 04:06:00","0.942","2.776","0.942"
"174","2026-09-27 04:12:00","1.023","2.546","1.023"
"175","2026-09-27 04:18:00","1.105","2.321","1.105"
"176","2026-09-27 04:24:00","1.187","2.102","1.187"
"177","2026-09-27 04:30:00","1.269","1.89","1.269"
"178","2026-09-27 04:36:00","1.351","1.685","1.351"
"179","2026-09-27 04:42:00","1.434","1.49","1.434"
"180","2026-09-27 04:48:00","1.518","1.303","1.518"
"181","2026-09-27 04:54:00","1.603","1.127","1.603"
"182","2026-09-27 05:00:00","1.689","0.962","1.689"
"183","2026-09-27 05:06:00","1.776","0.809","1.776"
"184","2026-09-27 05:12:00","1.865","0.668","1.865"
"185","2026-09-27 05:18:00","1.955","0.541","1.955"
"186","2026-09-27 05:24:00","2.048","0.428","2.048"
"187","2026-09-27 05:30:00","2.143","0.33","2.143"
"188","2026-09-27 05:36:00","2.24","0.247","2.24"
"189","2026-09-27 05:42:00","2.34","0.18","2.34"
"190","2026-09-27 05:48:00","2.442","0.13","2.442"
"191","2026-09-27 05:54:00","2.547","0.096","2.547"
"192","2026-09-27 06:00:00","2.655","0.079","2.655"
"193","2026-09-27 06:06:00","2.765","0.078","2.765"
"194","2026-09-27 06:12:00","2.877","0.095","2.877"
"195","2026-09-27 06:18:00","2.992","0.129","2.992"
"196","2026-09-27 06:24:00","3.109","0.178","3.109"
"197","2026-09-27 06:30:00","3.228","0.245","3.228"
"198","2026-09-27 06:36:00","3.348","0.326","3.348"
"199","2026-09-27 06:42:00","3.469","0.423","3.469"
"200","2026-09-27 06:48:00","3.59","0.535","3.59"
"201","2026-09-27 06:54:00","3.712","0.66","3.712"
"202","2026-09-27 07:00:00","3.833","0.798","3.833"
"203","2026-09-27 07:06:00","3.953","0.949","3.953"
"204","2026-09-27 07:12:00","4.071","1.11","4.071"
"205","2026-09-27 07:18:00","4.187","1.283","4.187"
"206","2026-09-27 07:24:00","4.301","1.465","4.301"
"207","2026-09-27 07:30:00","4.411","1.656","4.411"
"208","2026-09-27 07:36:00","4.517","1.855","4.517"
"209","2026-09-27 07:42:00","4.618","2.061","4.618"
"210","2026-09-27 07:48:00","4.715","2.274","4.715"
"211","2026-09-27 07:54:00","4.806","2.492","4.806"
"212","2026-09-27 08:00:00","4.89","2.716","4.89"
"213","2026-09-27 08:06:00","4.968","2.944","4.968"
"214","2026-09-27 08:12:00","5.039","3.176","5.039"
"215","2026-09-27 08:18:00","5.102","3.412","5.102"
"216","2026-09-27 08:24:00","5.157","3.65","5.157"
"217","2026-09-27 08:30:00","5.203","3.892","5.203"
"218","2026-09-27 08:36:00","5.241","4.136","5.241"
"219","2026-09-27 08:42:00","5.27","4.381","5.27"
"220","2026-09-27 08:48:00","5.29","4.629","5.29"
"221","2026-09-27 08:54:00","5.301","4.878","5.301"
"222","2026-09-27 09:00:00","5.302","5.128","5.302"
"223","2026-09-27 09:06:00","5.294","5.378","5.294"
"224","2026-09-27 09:12:00","5.276","5.63","5.276"
"225","2026-09-27 09:18:00","5.249","5.881","5.249"
"226","2026-09-27 09:24:00","5.212","6.132","5.212"
"227","2026-09-27 09:30:00","5.167","6.382","5.167"
"228","2026-09-27 09:36:00","5.112","6.631","5.112"
"229","2026-09-27 09:42:00","5.049","6.879","5.049"
"230","2026-09-27 09:48:00","4.978","7.124","4.978"
"231","2026-09-27 09:54:00","4.898","7.366","4.898"
"232","2026-09-27 10:00:00","4.811","7.605","4.811"
"233","2026-09-27 10:06:00","4.716","7.84","4.716"
"234","2026-09-27 10:12:00","4.615","8.069","4.615"
"235","2026-09-27 10:18:00","4.508","8.293","4.508"
"236","2026-09-27 10:24:00","4.395","8.511","4.395"
"237","2026-09-27 10:30:00","4.276","8.721","4.276"
"238","2026-09-27 10:36:00","4.153","8.924","4.153"
"239","2026-09-27 10:42:00","4.025","9.118","4.025"
"240","2026-09-27 10:48:00","3.894","9.302","3.894"
"241","2026-09-27 10:54:00","3.76","9.477","3.76"
"242","2026-09-27 11:00:00","3.623","9.641","3.623"
"243","2026-09-27 11:06:00","3.484","9.793","3.484"
"244","2026-09-27 11:12:00","3.343","9.934","3.343"
"245","2026-09-27 11:18:00","3.201","10.062","3.201"
"246","2026-09-27 11:24:00","3.058","10.178","3.058"
"247","2026-09-27 11:30:00","2.916","10.28","2.916"
"248","2026-09-27 11:36:00","2.773","10.369","2.773"
"249","2026-09-27 11:42:00","2.63","10.445","2.63"
"250","2026-09-27 11:48:00","2.489","10.507","2.489"
"251","2026-09-27 11:54:00","2.349","10.554","2.349"
"252","2026-09-27 12:00:00","2.21","10.588","2.21"
"253","2026-09-27 12:06:00","2.073","10.608","2.073"
"254","2026-09-27 12:12:00","1.938","10.615","1.938"
"255","2026-09-27 12:18:00","1.806","10.607","1.806"
"256","2026-09-27 12:24:00","1.676","10.586","1.676"
"257","2026-09-27 12:30:00","1.55","10.552","1.55"
"258","2026-09-27 12:36:00","1.426","10.504","1.426"
"259","2026-09-27 12:42:00","1.306","10.444","1.306"
"260","2026-09-27 12:48:00","1.19","10.371","1.19"
"261","2026-09-27 12:54:00","1.079","10.285","1.079"
"262","2026-09-27 13:00:00","0.971","10.188","0.971"
"263","2026-09-27 13:06:00","0.868","10.079","0.868"
"264","2026-09-27 13:12:00","0.77","9.959","0.77"
"265","2026-09-27 13:18:00","0.678","9.827","0.678"
"266","2026-09-27 13:24:00","0.591","9.685","0.591"
"267","2026-09-27 13:30:00","0.509","9.533","0.509"
"268","2026-09-27 13:36:00","0.434","9.371","0.434"
"269","2026-09-27 13:42:00","0.365","9.2","0.365"
"270","2026-09-27 13:48:00","0.303","9.019","0.303"
"271","2026-09-27 13:54:00","0.248","8.83","0.248"
"272","2026-09-27 14:00:00","0.199","8.633","0.199"
"273","2026-09-27 14:06:00","0.158","8.428","0.158"
"274","2026-09-27 14:12:00","0.123","8.215","0.123"
"275","2026-09-27 14:18:00","0.096","7.996","0.096"
"276","2026-09-27 14:24:00","0.076","7.771","0.076"
"277","2026-09-27 14:30:00","0.063","7.54","0.063"
"278","2026-09-27 14:36:00","0.057","7.303","0.057"
"279","2026-09-27 14:42:00","0.058","7.062","0.058"
"280","2026-09-27 14:48:00","0.066","6.816","0.066"
"281","2026-09-27 14:54:00","0.08","6.567","0.08"
"282","2026-09-27 15:00:00","0.1","6.314","0.1"
"283","2026-09-27 15:06:00","0.126","6.058","0.126"
"284","2026-09-27 15:12:00","0.158","5.8","0.158"
"285","2026-09-27 15:18:00","0.194","5.54","0.194"
"286","2026-09-27 15:24:00","0.234","5.278","0.234"
"287","2026-09-27 15:30:00","0.279","5.016","0.279"
"288","2026-09-27 15:36:00","0.327","4.753","0.327"
"289","2026-09-27 15:42:00","0.379","4.49","0.379"
"290","2026-09-27 15:48:00","0.433","4.228","0.433"
"291","2026-09-27 15:54:00","0.489","3.966","0.489"
"292","2026-09-27 16:00:00","0.548","3.707","0.548"
"293","2026-09-27 16:06:00","0.607","3.449","0.607"
"294","2026-09-27 16:12:00","0.668","3.194","0.668"
"295","2026-09-27 16:18:00","0.73","2.943","0.73"
"296","2026-09-27 16:24:00","0.793","2.695","0.793"
"297","2026-09-27 16:30:00","0.857","2.451","0.857"
"298","2026-09-27 16:36:00","0.921","2.213","0.921"
"299","2026-09-27 16:42:00","0.985","1.981","0.985"
"300","2026-09-27 16:48:00","1.05","1.755","1.05"
"301","2026-09-27 16:54:00","1.116","1.537","1.116"
"302","2026-09-27 17:00:00","1.182","1.326","1.182"
"303","2026-09-27 17:06:00","1.25","1.125","1.25"
"304","2026-09-27 17:12:00","1.319","0.933","1.319"
"305","2026-09-27 17:18:00","1.389","0.752","1.389"
"306","2026-09-27 17:24:00","1.46","0.583","1.46"
"307","2026-09-27 17:30:00","1.534","0.426","1.534"
"308","2026-09-27 17:36:00","1.61","0.281","1.61"
"309","2026-09-27 17:42:00","1.688","0.151","1.688"
"310","2026-09-27 17:48:00","1.769","0.035","1.769"
"311","2026-09-27 17:54:00","1.852","-0.066","1.852"
"312","2026-09-27 18:00:00","1.939","-0.151","1.939"
"313","2026-09-27 18:06:00","2.029","-0.22","2.029"
"314","2026-09-27 18:12:00","2.122","-0.273","2.122"
"315","2026-09-27 18:18:00","2.219","-0.308","2.219"
"316","2026-09-27 18:24:00","2.319","-0.327","2.319"
"317","2026-09-27 18:30:00","2.422","-0.328","2.422"
"318","2026-09-27 18:36:00","2.528","-0.312","2.528"
"319","2026-09-27 18:42:00","2.637","-0.278","2.637"
"320","2026-09-27 18:48:00","2.749","-0.228","2.749"
"321","2026-09-27 18:54:00","2.863","-0.162","2.863"
"322","2026-09-27 19:00:00","2.979","-0.079","2.979"
"323","2026-09-27 19:06:00","3.096","0.019","3.096"
"324","2026-09-27 19:12:00","3.215","0.132","3.215"
"325","2026-09-27 19:18:00","3.334","0.259","3.334"
"326","2026-09-27 19:24:00","3.453","0.4","3.453"
"327","2026-09-27 19:30:00","3.572","0.553","3.572"
"328","2026-09-27 19:36:00","3.69","0.718","3.69"
"329","2026-09-27 19:42:00","3.805","0.893","3.805"
"330","2026-09-27 19:48:00","3.918","1.079","3.918"
"331","2026-09-27 19:54:00","4.029","1.274","4.029"
"332","2026-09-27 20:00:00","4.135","1.477","4.135"
"333","2026-09-27 20:06:00","4.237","1.688","4.237"
"334","2026-09-27 20:12:00","4.335","1.905","4.335"
"335","2026-09-27 20:18:00","4.426","2.128","4.426"
"336","2026-09-27 20:24:00","4.512","2.356","4.512"
"337","2026-09-27 20:30:00","4.591","2.589","4.591"
"338","2026-09-27 20:36:00","4.663","2.826","4.663"
"339","2026-09-27 20:42:00","4.727","3.067","4.727"
"340","2026-09-27 20:48:00","4.783","3.31","4.783"
"341","2026-09-27 20:54:00","4.83","3.556","4.83"
"342","2026-09-27 21:00:00","4.869","3.805","4.869"
"343","2026-09-27 21:06:00","4.899","4.055","4.899"
"344","2026-09-27 21:12:00","4.919","4.306","4.919"
"345","2026-09-27 21:18:00","4.93","4.559","4.93"
"346","2026-09-27 21:24:00","4.931","4.813","4.931"
"347","2026-09-27 21:30:00","4.922","5.067","4.922"
"348","2026-09-27 21:36:00","4.904","5.321","4.904"
"349","2026-09-27 21:42:00","4.875","5.575","4.875"
"350","2026-09-27 21:48:00","4.837","5.828","4.837"
"351","2026-09-27 21:54:00","4.79","6.081","4.79"
"352","2026-09-27 22:00:00","4.732","6.332","4.732"
"353","2026-09-27 22:06:00","4.666","6.581","4.666"
"354","2026-09-27 22:12:00","4.591","6.827","4.591"
"355","2026-09-27 22:18:00","4.508","7.071","4.508"
"356","2026-09-27 22:24:00","4.416","7.31","4.416"
"357","2026-09-27 22:30:00","4.317","7.546","4.317"
"358","2026-09-27 22:36:00","4.21","7.776","4.21"
"359","2026-09-27 22:42:00","4.097","8.001","4.097"
"360","2026-09-27 22:48:00","3.978","8.219","3.978"
"361","2026-09-27 22:54:00","3.853","8.429","3.853"
"362","2026-09-27 23:00:00","3.723","8.632","3.723"
"363","2026-09-27 23:06:00","3.588","8.826","3.588"
"364","2026-09-27 23:12:00","3.45","9.011","3.45"
"365","2026-09-27 23:18:00","3.308","9.186","3.308"
"366","2026-09-27 23:24:00","3.164","9.35","3.164"
"367","2026-09-27 23:30:00","3.017","9.503","3.017"
"368","2026-09-27 23:36:00","2.869","9.644","2.869"
"369","2026-09-27 23:42:00","2.72","9.773","2.72"
"370","2026-09-27 23:48:00","2.571","9.889","2.571"
"371","2026-09-27 23:54:00","2.422","9.993","2.422"
"372","2026-09-28 00:00:00","2.273","10.083","2.273"
"373","2026-09-28 00:06:00","2.125","10.159","2.125"
"374","2026-09-28 00:12:00","1.978","10.222","1.978"
"375","2026-09-28 00:18:00","1.834","10.271","1.834"
"376","2026-09-28 00:24:00","1.692","10.306","1.692"
"377","2026-09-28 00:30:00","1.552","10.327","1.552"
"378","2026-09-28 00:36:00","1.415","10.335","1.415"
"379","2026-09-28 00:42:00","1.282","10.329","1.282"
"380","2026-09-28 00:48:00","1.152","10.309","1.152"
"381","2026-09-28 00:54:00","1.027","10.277","1.027"
"382","2026-09-28 01:00:00","0.906","10.231","0.906"
"383","2026-09-28 01:06:00","0.789","10.172","0.789"
"384","2026-09-28 01:12:00","0.677","10.101","0.677"
"385","2026-09-28 01:18:00","0.571","10.017","0.571"
"386","2026-09-28 01:24:00","0.47","9.921","0.47"
"387","2026-09-28 01:30:00","0.375","9.814","0.375"
"388","2026-09-28 01:36:00","0.286","9.695","0.286"
"389","2026-09-28 01:42:00","0.203","9.566","0.203"
"390","2026-09-28 01:48:00","0.127","9.425","0.127"
"391","2026-09-28 01:54:00","0.058","9.275","0.058"
"392","2026-09-28 02:00:00","-0.004","9.115","-0.004"
"393","2026-09-28 02:06:00","-0.059","8.945","-0.059"
"394","2026-09-28 02:12:00","-0.106","8.767","-0.106"
"395","2026-09-28 02:18:00","-0.146","8.58","-0.146"
"396","2026-09-28 02:24:00","-0.177","8.385","-0.177"
"397","2026-09-28 02:30:00","-0.201","8.182","-0.201"
"398","2026-09-28 02:36:00","-0.216","7.973","-0.216"
"399","2026-09-28 02:42:00","-0.224","7.757","-0.224"
"400","2026-09-28 02:48:00","-0.223","7.534","-0.223"
"401","2026-09-28 02:54:00","-0.215","7.307","-0.215"
"402","2026-09-28 03:00:00","-0.199","7.074","-0.199"
"403","2026-09-28 03:06:00","-0.175","6.837","-0.175"
"404","2026-09-28 03:12:00","-0.145","6.596","-0.145"
"405","2026-09-28 03:18:00","-0.107","6.351","-0.107"
"406","2026-09-28 03:24:00","-0.063","6.104","-0.063"
"407","2026-09-28 03:30:00","-0.012","5.854","-0.012"
"408","2026-09-28 03:36:00","0.044","5.603","0.044"
"409","2026-09-28 03:42:00","0.106","5.35","0.106"
"410","2026-09-28 03:48:00","0.172","5.096","0.172"
"411","2026-09-28 03:54:00","0.242","4.843","0.242"
"412","2026-09-28 04:00:00","0.317","4.589","0.317"
"413","2026-09-28 04:06:00","0.395","4.336","0.395"
"414","2026-09-28 04:12:00","0.475","4.085","0.475"
"415","2026-09-28 04:18:00","0.558","3.835","0.558"
"416","2026-09-28 04:24:00","0.643","3.588","0.643"
"417","2026-09-28 04:30:00","0.729","3.343","0.729"
"418","2026-09-28 04:36:00","0.816","3.102","0.816"
"419","2026-09-28 04:42:00","0.904","2.864","0.904"
"420","2026-09-28 04:48:00","0.993","2.632","0.993"
"421","2026-09-28 04:54:00","1.082","2.404","1.082"
"422","2026-09-28 05:00:00","1.171","2.182","1.171"
"423","2026-09-28 05:06:00","1.26","1.967","1.26"
"424","2026-09-28 05:12:00","1.349","1.759","1.349"
"425","2026-09-28 05:18:00","1.438","1.559","1.438"
"426","2026-09-28 05:24:00","1.528","1.368","1.528"
"427","2026-09-28 05:30:00","1.617","1.186","1.617"
"428","2026-09-28 05:36:00","1.707","1.014","1.707"
"429","2026-09-28 05:42:00","1.797","0.853","1.797"
"430","2026-09-28 05:48:00","1.888","0.704","1.888"
"431","2026-09-28 05:54:00","1.98","0.568","1.98"
"432","2026-09-28 06:00:00","2.074","0.445","2.074"
"433","2026-09-28 06:06:00","2.168","0.336","2.168"
"434","2026-09-28 06:12:00","2.264","0.242","2.264"
"435","2026-09-28 06:18:00","2.362","0.163","2.362"
"436","2026-09-28 06:24:00","2.462","0.1","2.462"
"437","2026-09-28 06:30:00","2.564","0.054","2.564"
"438","2026-09-28 06:36:00","2.668","0.024","2.668"
"439","2026-09-28 06:42:00","2.774","0.012","2.774"
"440","2026-09-28 06:48:00","2.882","0.017","2.882"
"441","2026-09-28 06:54:00","2.993","0.039","2.993"
"442","2026-09-28 07:00:00","3.105","0.079","3.105"
"443","2026-09-28 07:06:00","3.219","0.135","3.219"
"444","2026-09-28 07:12:00","3.335","0.209","3.335"
"445","2026-09-28 07:18:00","3.452","0.299","3.452"
"446","2026-09-28 07:24:00","3.57","0.406","3.57"
"447","2026-09-28 07:30:00","3.688","0.527","3.688"
"448","2026-09-28 07:36:00","3.807","0.664","3.807"
"449","2026-09-28 07:42:00","3.925","0.815","3.925"
"450","2026-09-28 07:48:00","4.042","0.978","4.042"
"451","2026-09-28 07:54:00","4.158","1.155","4.158"
"452","2026-09-28 08:00:00","4.273","1.342","4.273"
"453","2026-09-28 08:06:00","4.384","1.541","4.384"
"454","2026-09-28 08:12:00","4.493","1.749","4.493"
"455","2026-09-28 08:18:00","4.599","1.965","4.599"
"456","2026-09-28 08:24:00","4.7","2.19","4.7"
"457","2026-09-28 08:30:00","4.796","2.421","4.796"
"458","2026-09-28 08:36:00","4.887","2.658","4.887"
"459","2026-09-28 08:42:00","4.973","2.9","4.973"
"460","2026-09-28 08:48:00","5.052","3.147","5.052"
"461","2026-09-28 08:54:00","5.124","3.398","5.124"
"462","2026-09-28 09:00:00","5.189","3.651","5.189"
"463","2026-09-28 09:06:00","5.246","3.907","5.246"
"464","2026-09-28 09:12:00","5.295","4.165","5.295"
"465","2026-09-28 09:18:00","5.336","4.424","5.336"
"466","2026-09-28 09:24:00","5.368","4.685","5.368"
"467","2026-09-28 09:30:00","5.391","4.946","5.391"
"468","2026-09-28 09:36:00","5.405","5.207","5.405"
"469","2026-09-28 09:42:00","5.409","5.467","5.409"
"470","2026-09-28 09:48:00","5.404","5.728","5.404"
"471","2026-09-28 09:54:00","5.389","5.987","5.389"
"472","2026-09-28 10:00:00","5.365","6.246","5.365"
"473","2026-09-28 10:06:00","5.331","6.502","5.331"
"474","2026-09-28 10:12:00","5.288","6.757","5.288"
"475","2026-09-28 10:18:00","5.235","7.01","5.235"
"476","2026-09-28 10:24:00","5.173","7.26","5.173"
"477","2026-09-28 10:30:00","5.103","7.506","5.103"
"478","2026-09-28 10:36:00","5.023","7.749","5.023"
"479","2026-09-28 10:42:00","4.936","7.988","4.936"
"480","2026-09-28 10:48:00","4.841","8.221","4.841"
"481","2026-09-28 10:54:00","4.738","8.449","4.738"
"482","2026-09-28 11:00:00","4.628","8.671","4.628"
"483","2026-09-28 11:06:00","4.513","8.887","4.513"
"484","2026-09-28 11:12:00","4.391","9.094","4.391"
"485","2026-09-28 11:18:00","4.264","9.294","4.264"
"486","2026-09-28 11:24:00","4.132","9.485","4.132"
"487","2026-09-28 11:30:00","3.996","9.666","3.996"
"488","2026-09-28 11:36:00","3.856","9.837","3.856"
"489","2026-09-28 11:42:00","3.713","9.998","3.713"
"490","2026-09-28 11:48:00","3.568","10.147","3.568"
"491","2026-09-28 11:54:00","3.421","10.284","3.421"
"492","2026-09-28 12:00:00","3.273","10.409","3.273"
"493","2026-09-28 12:06:00","3.124","10.521","3.124"
"494","2026-09-28 12:12:00","2.975","10.62","2.975"
"495","2026-09-28 12:18:00","2.826","10.705","2.826"
"496","2026-09-28 12:24:00","2.678","10.777","2.678"
"497","2026-09-28 12:30:00","2.531","10.834","2.531"
"498","2026-09-28 12:36:00","2.386","10.878","2.386"
"499","2026-09-28 12:42:00","2.242","10.907","2.242"
"500","2026-09-28 12:48:00","2.101","10.922","2.101"
"501","2026-09-28 12:54:00","1.963","10.923","1.963"
"502","2026-09-28 13:00:00","1.827","10.909","1.827"
"503","2026-09-28 13:06:00","1.695","10.882","1.695"
"504","2026-09-28 13:12:00","1.566","10.841","1.566"
"505","2026-09-28 13:18:00","1.441","10.786","1.441"
"506","2026-09-28 13:24:00","1.32","10.718","1.32"
"507","2026-09-28 13:30:00","1.203","10.636","1.203"
"508","2026-09-28 13:36:00","1.091","10.542","1.091"
"509","2026-09-28 13:42:00","0.984","10.435","0.984"
"510","2026-09-28 13:48:00","0.881","10.316","0.881"
"511","2026-09-28 13:54:00","0.784","10.185","0.784"
"512","2026-09-28 14:00:00","0.692","10.043","0.692"
"513","2026-09-28 14:06:00","0.606","9.89","0.606"
"514","2026-09-28 14:12:00","0.525","9.726","0.525"
"515","2026-09-28 14:18:00","0.451","9.551","0.451"
"516","2026-09-28 14:24:00","0.382","9.367","0.382"
"517","2026-09-28 14:30:00","0.321","9.174","0.321"
"518","2026-09-28 14:36:00","0.265","8.971","0.265"
"519","2026-09-28 14:42:00","0.217","8.761","0.217"
"520","2026-09-28 14:48:00","0.175","8.542","0.175"
"521","2026-09-28 14:54:00","0.14","8.316","0.14"
"522","2026-09-28 15:00:00","0.112","8.083","0.112"
"523","2026-09-28 15:06:00","0.091","7.843","0.091"
"524","2026-09-28 15:12:00","0.077","7.598","0.077"
"525","2026-09-28 15:18:00","0.069","7.348","0.069"
"526","2026-09-28 15:24:00","0.069","7.093","0.069"
"527","2026-09-28 15:30:00","0.075","6.834","0.075"
"528","2026-09-28 15:36:00","0.087","6.571","0.087"
"529","2026-09-28 15:42:00","0.105","6.305","0.105"
"530","2026-09-28 15:48:00","0.129","6.037","0.129"
"531","2026-09-28 15:54:00","0.158","5.767","0.158"
"532","2026-09-28 16:00:00","0.193","5.495","0.193"
"533","2026-09-28 16:06:00","0.232","5.223","0.232"
"534","2026-09-28 16:12:00","0.275","4.95","0.275"
"535","2026-09-28 16:18:00","0.322","4.678","0.322"
"536","2026-09-28 16:24:00","0.373","4.406","0.373"
"537","2026-09-28 16:30:00","0.426","4.136","0.426"
"538","2026-09-28 16:36:00","0.482","3.867","0.482"
"539","2026-09-28 16:42:00","0.54","3.6","0.54"
"540","2026-09-28 16:48:00","0.599","3.336","0.599"
"541","2026-09-28 16:54:00","0.66","3.076","0.66"
"542","2026-09-28 17:00:00","0.722","2.819","0.722"
"543","2026-09-28 17:06:00","0.785","2.566","0.785"
"544","2026-09-28 17:12:00","0.848","2.318","0.848"
"545","2026-09-28 17:18:00","0.912","2.076","0.912"
"546","2026-09-28 17:24:00","0.976","1.84","0.976"
"547","2026-09-28 17:30:00","1.041","1.61","1.041"
"548","2026-09-28 17:36:00","1.106","1.388","1.106"
"549","2026-09-28 17:42:00","1.171","1.174","1.171"
"550","2026-09-28 17:48:00","1.237","0.969","1.237"
"551","2026-09-28 17:54:00","1.303","0.773","1.303"
"552","2026-09-28 18:00:00","1.371","0.588","1.371"
"553","2026-09-28 18:06:00","1.439","0.414","1.439"
"554","2026-09-28 18:12:00","1.509","0.251","1.509"
"555","2026-09-28 18:18:00","1.58","0.102","1.58"
"556","2026-09-28 18:24:00","1.653","-0.034","1.653"
"557","2026-09-28 18:30:00","1.728","-0.156","1.728"
"558","2026-09-28 18:36:00","1.805","-0.263","1.805"
"559","2026-09-28 18:42:00","1.885","-0.355","1.885"
"560","2026-09-28 18:48:00","1.968","-0.43","1.968"
"561","2026-09-28 18:54:00","2.053","-0.489","2.053"
"562","2026-09-28 19:00:00","2.142","-0.531","2.142"
"563","2026-09-28 19:06:00","2.233","-0.556","2.233"
"564","2026-09-28 19:12:00","2.328","-0.563","2.328"
"565","2026-09-28 19:18:00","2.425","-0.553","2.425"
"566","2026-09-28 19:24:00","2.526","-0.525","2.526"
"567","2026-09-28 19:30:00","2.629","-0.479","2.629"
"568","2026-09-28 19:36:00","2.735","-0.416","2.735"
"569","2026-09-28 19:42:00","2.843","-0.337","2.843"
"570","2026-09-28 19:48:00","2.953","-0.241","2.953"
"571","2026-09-28 19:54:00","3.064","-0.129","3.064"
"572","2026-09-28 20:00:00","3.177","-0.002","3.177"
"573","2026-09-28 20:06:00","3.29","0.139","3.29"
"574","2026-09-28 20:12:00","3.404","0.294","3.404"
"575","2026-09-28 20:18:00","3.517","0.462","3.517"
"576","2026-09-28 20:24:00","3.629","0.641","3.629"
"577","2026-09-28 20:30:00","3.74","0.832","3.74"
"578","2026-09-28 20:36:00","3.849","1.032","3.849"
"579","2026-09-28 20:42:00","3.954","1.242","3.954"
"580","2026-09-28 20:48:00","4.057","1.46","4.057"
"581","2026-09-28 20:54:00","4.155","1.684","4.155"
"582","2026-09-28 21:00:00","4.249","1.915","4.249"
"583","2026-09-28 21:06:00","4.338","2.152","4.338"
"584","2026-09-28 21:12:00","4.42","2.393","4.42"
"585","2026-09-28 21:18:00","4.497","2.638","4.497"
"586","2026-09-28 21:24:00","4.567","2.886","4.567"
"587","2026-09-28 21:30:00","4.629","3.137","4.629"
"588","2026-09-28 21:36:00","4.683","3.39","4.683"
"589","2026-09-28 21:42:00","4.729","3.644","4.729"
"590","2026-09-28 21:48:00","4.766","3.9","4.766"
"591","2026-09-28 21:54:00","4.795","4.156","4.795"
"592","2026-09-28 22:00:00","4.814","4.413","4.814"
"593","2026-09-28 22:06:00","4.823","4.67","4.823"
"594","2026-09-28 22:12:00","4.823","4.926","4.823"
"595","2026-09-28 22:18:00","4.813","5.182","4.813"
"596","2026-09-28 22:24:00","4.793","5.437","4.793"
"597","2026-09-28 22:30:00","4.763","5.69","4.763"
"598","2026-09-28 22:36:00","4.723","5.942","4.723"
"599","2026-09-28 22:42:00","4.673","6.192","4.673"
"600","2026-09-28 22:48:00","4.613","6.44","4.613"
"601","2026-09-28 22:54:00","4.545","6.685","4.545"
"602","2026-09-28 23:00:00","4.467","6.926","4.467"
"603","2026-09-28 23:06:00","4.38","7.164","4.38"
"604","2026-09-28 23:12:00","4.285","7.397","4.285"
"605","2026-09-28 23:18:00","4.182","7.625","4.182"
"606","2026-09-28 23:24:00","4.072","7.848","4.072"
"607","2026-09-28 23:30:00","3.955","8.065","3.955"
"608","2026-09-28 23:36:00","3.831","8.274","3.831"
"609","2026-09-28 23:42:00","3.702","8.477","3.702"
"610","2026-09-28 23:48:00","3.568","8.671","3.568"
"611","2026-09-28 23:54:00","3.429","8.856","3.429"
