"","Time","Hs_Wave_Height_m","Tp_(DPD)_Wave_Period_sec","Dominant_Wave_Direction_Deg","Mean_Wave_Direction_(MWD)_Deg","Hmax_Wave_Height_m","H10_Wave_Height_m","Corrected_Wind_Dir_Deg","Corrected_Wind_Speed_m/s","Air_Temperature_C","Relative_Humidity_%","Barometric_Pressure_hPa","Latitude_Deg","Longitude_Deg","WMO_Avg_Corrected_Wind_Dir_Deg","WMO_Avg_Corrected_Wind_Speed_m/s","Windchill_C","Heat_Index_C","Air_Density_Kg/m3","Wet_Bulb_Temperature_C","Dewpoint_C","Time_ET"
"1",2026-04-05 19:20:00,"0.92","7.3","102","99","1.47","1.17","129","1.9","6.00","99","1005.4","42.707020","-70.705650","116","1.4","5.00","999.00","1.300","999.90","5.90",2026-04-05 15:20:00
"2",2026-04-05 19:40:00,"0.99","7.5","95","96","1.58","1.26","150","3.0","6.40","99","1004.6","42.707030","-70.705650","149","2.3","4.00","999.00","1.300","999.90","6.20",2026-04-05 15:40:00
"3",2026-04-05 20:00:00,"1.06","7.9","95","98","1.69","1.35","179","4.5","6.00","99","1004.6","42.707080","-70.705670","174","5.5","3.00","999.00","1.300","999.90","5.90",2026-04-05 16:00:00
"4",2026-04-05 20:20:00,"1.00","7.5","94","92","1.58","1.27","187","5.6","5.50","99","1004.0","42.707110","-70.705610","180","5.3","2.00","999.00","1.300","999.90","5.40",2026-04-05 16:20:00
"5",2026-04-05 20:40:00,"1.15","7.5","97","95","1.82","1.46","183","4.0","5.50","99","1004.5","42.707140","-70.705600","192","4.0","2.00","999.00","1.300","999.90","5.40",2026-04-05 16:40:00
"6",2026-04-05 21:00:00,"1.00","7.2","95","94","1.60","1.28","200","4.7","5.60","99","1004.4","42.707120","-70.705600","185","3.8","2.00","999.00","1.300","5.40","5.40",2026-04-05 17:00:00
"7",2026-04-05 21:20:00,"0.99","6.7","92","87","1.59","1.26","166","3.1","5.70","99","1004.6","42.707140","-70.705600","185","3.6","3.00","999.00","1.300","5.50","5.60",2026-04-05 17:20:00
"8",2026-04-05 21:40:00,"0.93","7.2","89","86","1.48","1.18","178","4.0","6.00","99","1003.9","42.707150","-70.705610","176","3.4","3.00","999.00","1.300","999.90","5.90",2026-04-05 17:40:00
"9",2026-04-05 22:00:00,"0.98","7.3","88","87","1.57","1.25","248","1.8","6.20","99","1004.8","42.707140","-70.705580","227","2.3","5.00","999.00","1.300","999.90","6.00",2026-04-05 18:00:00
"10",2026-04-05 22:20:00,"0.94","7.2","87","85","1.51","1.20","277","3.2","6.40","99","1005.0","42.707140","-70.705510","269","0.9","4.00","999.00","1.300","6.20","6.30",2026-04-05 18:20:00
"11",2026-04-05 22:40:00,"0.97","7.1","87","85","1.55","1.23","331","5.3","6.80","99","1005.4","42.707080","-70.705480","310","3.9","3.00","999.00","1.300","999.90","6.70",2026-04-05 18:40:00
"12",2026-04-05 23:00:00,"0.85","7.2","87","85","1.37","1.09","350","3.2","6.10","99","1005.8","42.707080","-70.705490","340","3.1","4.00","999.00","1.300","6.00","6.00",2026-04-05 19:00:00
"13",2026-04-05 23:20:00,"0.81","7.3","89","86","1.30","1.03","135","0.5","6.20","99","1005.8","42.707080","-70.705490","288","0.6","999.00","999.00","1.300","6.00","6.00",2026-04-05 19:20:00
"14",2026-04-05 23:40:00,"0.83","7.0","90","87","1.33","1.06","238","2.2","6.10","99","1006.1","42.707080","-70.705510","224","1.5","4.00","999.00","1.300","5.90","5.90",2026-04-05 19:40:00
"15",2026-04-06,"0.80","7.0","89","85","1.29","1.02","223","1.1","6.40","99","1006.6","42.707080","-70.705490","218","1.5","999.00","999.00","1.300","6.20","6.20",2026-04-05 20:00:00
"16",2026-04-06 00:20:00,"0.81","7.7","82","85","1.29","1.04","276","2.3","7.30","98","1006.8","42.707080","-70.705510","267","1.6","6.00","999.00","1.300","7.10","7.10",2026-04-05 20:20:00
"17",2026-04-06 00:40:00,"0.75","7.1","89","88","1.20","0.95","287","5.2","8.50","94","1006.8","42.707080","-70.705480","280","4.5","6.00","999.00","1.200","7.90","7.60",2026-04-05 20:40:00
"18",2026-04-06 01:00:00,"0.75","6.4","90","87","1.22","0.96","289","5.7","8.70","90","1007.4","42.707050","-70.705440","285","6.0","6.00","999.00","1.200","7.60","7.20",2026-04-05 21:00:00
"19",2026-04-06 01:20:00,"0.69","7.7","88","88","1.10","0.88","290","7.5","8.60","89","1007.6","42.707070","-70.705470","286","6.5","5.00","999.00","1.200","7.40","6.90",2026-04-05 21:20:00
"20",2026-04-06 01:40:00,"0.75","7.6","95","88","1.20","0.96","300","11.1","8.80","82","1007.8","42.707050","-70.705420","296","7.8","4.00","999.00","1.200","6.90","5.80",2026-04-05 21:40:00
"21",2026-04-06 02:00:00,"0.80","6.6","88","86","1.28","1.01","301","10.8","8.20","78","1007.9","42.707020","-70.705390","299","9.9","4.00","999.00","1.200","6.00","4.50",2026-04-05 22:00:00
"22",2026-04-06 02:20:00,"0.86","6.9","83","83","1.37","1.09","299","9.8","7.80","74","1008.1","42.707030","-70.705390","300","9.7","3.00","999.00","1.200","5.20","3.40",2026-04-05 22:20:00
"23",2026-04-06 02:40:00,"0.84","7.6","89","83","1.33","1.06","297","7.8","7.60","72","1008.0","42.707020","-70.705380","304","8.6","4.00","999.00","1.300","4.90","2.90",2026-04-05 22:40:00
"24",2026-04-06 03:00:00,"0.76","7.4","87","79","1.22","0.97","303","6.6","7.30","73","1007.9","42.707020","-70.705420","306","7.6","4.00","999.00","1.300","4.70","2.80",2026-04-05 23:00:00
"25",2026-04-06 03:20:00,"0.73","7.2","95","83","1.17","0.93","305","5.9","7.10","75","1008.1","42.707020","-70.705420","302","6.8","4.00","999.00","1.300","4.60","2.90",2026-04-05 23:20:00
"26",2026-04-06 03:40:00,"0.65","7.2","95","88","1.03","0.82","309","7.5","7.10","73","1007.9","42.706980","-70.705430","307","6.6","3.00","999.00","1.300","4.60","2.70",2026-04-05 23:40:00
"27",2026-04-06 04:00:00,"0.66","7.3","99","94","1.05","0.83","304","7.3","7.20","72","1007.9","42.706950","-70.705430","308","7.0","3.00","999.00","1.300","4.60","2.50",2026-04-06
"28",2026-04-06 04:20:00,"0.68","7.2","100","95","1.08","0.86","306","6.7","7.00","74","1007.8","42.706950","-70.705430","305","7.5","3.00","999.00","1.300","4.50","2.70",2026-04-06 00:20:00
"29",2026-04-06 04:40:00,"0.61","7.5","94","93","0.97","0.77","313","8.4","6.90","73","1007.8","42.706960","-70.705390","306","7.0","3.00","999.00","1.300","4.40","2.50",2026-04-06 00:40:00
"30",2026-04-06 05:00:00,"0.68","7.5","101","94","1.08","0.86","307","5.5","6.70","74","1007.9","42.706940","-70.705390","301","6.7","3.00","999.00","1.300","4.20","2.30",2026-04-06 01:00:00
"31",2026-04-06 05:20:00,"0.65","7.2","99","97","1.03","0.82","297","6.3","6.70","70","1007.7","42.706920","-70.705340","299","6.6","3.00","999.00","1.300","3.90","1.70",2026-04-06 01:20:00
"32",2026-04-06 05:40:00,"0.61","7.0","94","91","0.98","0.77","296","1000.0","6.60","68","1007.6","100.000000","1000.000000","999","1000.0","3.00","999.00","1.300","3.70","1.20",2026-04-06 01:40:00
"33",2026-04-06 06:00:00,"0.57","7.3","95","93","0.91","0.72","293","5.2","6.40","71","1007.5","42.706980","-70.705440","292","6.4","3.00","999.00","1.300","3.70","1.50",2026-04-06 02:00:00
"34",2026-04-06 06:20:00,"0.56","7.1","100","94","0.90","0.71","280","5.2","6.30","70","1007.3","42.706980","-70.705470","281","5.9","3.00","999.00","1.300","3.50","1.20",2026-04-06 02:20:00
"35",2026-04-06 06:40:00,"0.56","6.9","99","97","0.89","0.71","279","5.6","6.40","68","1007.4","42.706980","-70.705470","285","6.1","3.00","999.00","1.300","3.40","0.90",2026-04-06 02:40:00
"36",2026-04-06 07:00:00,"0.58","7.2","98","97","0.92","0.73","251","4.4","5.80","75","1007.4","42.706980","-70.705470","272","4.2","3.00","999.00","1.300","3.40","1.70",2026-04-06 03:00:00
"37",2026-04-06 07:20:00,"0.58","6.9","98","97","0.92","0.73","267","7.2","6.10","70","1007.6","42.706980","-70.705470","260","5.1","2.00","999.00","1.300","3.30","1.00",2026-04-06 03:20:00
"38",2026-04-06 07:40:00,"0.53","7.3","101","99","0.84","0.67","263","5.2","5.80","72","1007.5","42.706980","-70.705470","270","5.2","2.00","999.00","1.300","3.20","1.10",2026-04-06 03:40:00
"39",2026-04-06 08:00:00,"0.47","7.5","93","96","0.74","0.59","253","5.1","5.80","71","1007.5","42.706980","-70.705440","265","5.7","2.00","999.00","1.300","3.20","1.00",2026-04-06 04:00:00
"40",2026-04-06 08:20:00,"0.48","7.7","95","96","0.76","0.61","265","7.7","5.70","72","1007.9","42.706980","-70.705430","263","6.1","1.00","999.00","1.300","3.10","1.00",2026-04-06 04:20:00
"41",2026-04-06 08:40:00,"0.46","6.8","95","96","0.73","0.58","276","7.3","5.60","74","1007.8","42.707000","-70.705440","270","7.0","1.00","999.00","1.300","3.10","1.20",2026-04-06 04:40:00
"42",2026-04-06 09:00:00,"0.46","7.1","92","92","0.73","0.58","272","7.0","5.70","72","1008.0","42.707020","-70.705430","269","6.9","1.00","999.00","1.300","3.10","1.00",2026-04-06 05:00:00
"43",2026-04-06 09:20:00,"0.44","7.1","95","95","0.70","0.56","284","6.7","5.70","71","1008.1","42.707020","-70.705390","274","8.0","1.00","999.00","1.300","3.10","0.90",2026-04-06 05:20:00
"44",2026-04-06 09:40:00,"0.46","7.0","88","87","0.74","0.59","288","11.4","5.50","64","1008.2","42.707080","-70.705350","287","11.5","0.00","999.00","1.300","2.30","-0.70",2026-04-06 05:40:00
"45",2026-04-06 10:00:00,"0.53","7.2","85","288","0.84","0.67","275","8.5","5.50","60","1008.7","42.707080","-70.705380","286","9.7","1.00","999.00","1.300","2.00","-1.50",2026-04-06 06:00:00
"46",2026-04-06 10:20:00,"0.57","7.0","85","46","0.91","0.72","294","9.8","5.30","63","1009.0","42.707080","-70.705350","292","9.1","0.00","999.00","1.300","2.00","-1.10",2026-04-06 06:20:00
"47",2026-04-06 10:40:00,"0.54","7.6","89","66","0.85","0.68","290","7.4","5.10","66","1009.4","42.707070","-70.705350","287","8.0","0.00","999.00","1.300","2.10","-0.70",2026-04-06 06:40:00
"48",2026-04-06 11:00:00,"0.45","8.2","84","55","0.71","0.57","296","6.8","5.00","66","1010.0","42.707050","-70.705350","293","7.8","1.00","999.00","1.300","2.00","-0.70",2026-04-06 07:00:00
"49",2026-04-06 11:20:00,"0.53","7.2","93","68","0.84","0.67","296","7.9","4.90","63","1010.2","42.707020","-70.705350","291","7.9","0.00","999.00","1.300","1.70","-1.40",2026-04-06 07:20:00
"50",2026-04-06 11:40:00,"0.51","7.3","88","66","0.81","0.65","299","9.9","4.90","60","1010.6","42.707030","-70.705340","295","10.0","-1.00","999.00","1.300","1.40","-2.20",2026-04-06 07:40:00
"51",2026-04-06 12:00:00,"0.51","7.1","91","28","0.82","0.65","281","8.7","4.90","59","1010.9","42.707030","-70.705340","293","9.8","0.00","999.00","1.300","1.40","-2.30",2026-04-06 08:00:00
"52",2026-04-06 12:20:00,"0.50","7.4","88","4","0.79","0.63","297","8.4","4.90","59","1010.8","42.707020","-70.705340","296","9.3","0.00","999.00","1.300","1.40","-2.20",2026-04-06 08:20:00
"53",2026-04-06 12:40:00,"0.48","2.4","310","338","0.84","0.61","290","10.0","5.00","61","1011.0","42.707020","-70.705340","294","10.2","0.00","999.00","1.300","1.60","-1.90",2026-04-06 08:40:00
"54",2026-04-06 13:00:00,"0.51","7.2","89","3","0.82","0.65","298","8.1","5.10","60","1010.9","42.707020","-70.705340","294","9.8","0.00","999.00","1.300","1.70","-1.90",2026-04-06 09:00:00
"55",2026-04-06 13:20:00,"0.51","2.5","320","335","0.89","0.64","310","11.9","5.40","59","1011.1","42.707020","-70.705350","299","9.5","0.00","999.00","1.300","1.80","-1.80",2026-04-06 09:20:00
"56",2026-04-06 13:40:00,"0.51","2.4","323","356","0.90","0.65","303","10.6","5.30","59","1010.8","42.707020","-70.705340","293","10.3","0.00","999.00","1.300","1.70","-2.10",2026-04-06 09:40:00
"57",2026-04-06 14:00:00,"0.53","2.6","328","331","0.93","0.68","296","11.4","5.50","57","1011.1","42.707020","-70.705340","295","10.2","0.00","999.00","1.300","1.70","-2.40",2026-04-06 10:00:00
"58",2026-04-06 14:20:00,"0.54","2.7","321","330","0.94","0.68","301","7.7","5.50","62","1011.2","42.707000","-70.705350","299","9.6","1.00","999.00","1.300","2.10","-1.20",2026-04-06 10:20:00
"59",2026-04-06 14:40:00,"0.56","2.8","323","335","0.98","0.71","293","10.6","5.70","57","1011.2","42.707020","-70.705350","297","10.1","0.00","999.00","1.300","1.90","-2.10",2026-04-06 10:40:00
"60",2026-04-06 15:00:00,"0.57","2.7","325","345","1.00","0.73","299","7.7","5.80","59","1011.4","42.707020","-70.705380","295","8.9","1.00","999.00","1.300","2.10","-1.60",2026-04-06 11:00:00
"61",2026-04-06 15:20:00,"0.52","2.5","319","337","0.92","0.66","290","8.1","5.90","59","1011.4","42.707020","-70.705350","301","10.2","1.00","999.00","1.300","2.20","-1.40",2026-04-06 11:20:00
"62",2026-04-06 15:40:00,"0.54","7.3","88","5","0.86","0.68","293","10.0","5.80","57","1011.6","42.707020","-70.705350","297","10.5","1.00","999.00","1.300","2.00","-2.00",2026-04-06 11:40:00
"63",2026-04-06 16:00:00,"0.55","7.3","95","346","0.87","0.70","314","11.7","5.90","57","1011.4","42.706980","-70.705340","306","10.0","0.00","999.00","1.300","2.10","-1.80",2026-04-06 12:00:00
"64",2026-04-06 16:20:00,"0.56","7.5","91","349","0.89","0.71","307","12.3","5.90","60","1011.4","42.706980","-70.705340","291","8.7","0.00","999.00","1.300","2.30","-1.20",2026-04-06 12:20:00
"65",2026-04-06 16:40:00,"0.53","2.7","318","339","0.93","0.68","315","10.0","6.20","55","1011.2","42.706980","-70.705290","309","9.6","1.00","999.00","1.300","2.20","-2.00",2026-04-06 12:40:00
"66",2026-04-06 17:00:00,"0.61","7.5","97","10","0.97","0.77","304","8.5","6.10","59","1011.4","42.706950","-70.705350","290","9.2","1.00","999.00","1.300","2.40","-1.20",2026-04-06 13:00:00
"67",2026-04-06 17:20:00,"0.56","2.6","314","327","0.99","0.72","282","7.7","6.40","51","1011.4","42.706950","-70.705380","300","9.2","2.00","999.00","1.300","2.10","-2.90",2026-04-06 13:20:00
"68",2026-04-06 17:40:00,"0.55","2.5","326","332","0.96","0.70","300","10.9","6.50","54","1011.1","42.706950","-70.705380","294","9.1","1.00","999.00","1.300","2.30","-2.20",2026-04-06 13:40:00
"69",2026-04-06 18:00:00,"0.52","2.6","316","325","0.92","0.67","316","7.0","6.60","53","1011.1","42.706980","-70.705430","297","8.5","3.00","999.00","1.300","2.40","-2.20",2026-04-06 14:00:00
"70",2026-04-06 18:20:00,"0.54","2.4","309","328","0.96","0.69","314","8.5","6.90","52","1011.0","42.706940","-70.705420","297","9.7","2.00","999.00","1.300","2.60","-2.20",2026-04-06 14:20:00
"71",2026-04-06 18:40:00,"0.51","2.6","315","322","0.90","0.65","309","7.4","6.60","61","1010.9","42.706950","-70.705420","300","8.6","2.00","999.00","1.300","3.00","-0.40",2026-04-06 14:40:00
"72",2026-04-06 19:00:00,"0.59","2.9","336","329","1.02","0.74","305","10.6","6.90","53","1010.9","42.706940","-70.705420","301","10.3","2.00","999.00","1.300","2.70","-2.00",2026-04-06 15:00:00
1,2026-04-06 19:00:00,0.59,2.9,336,329,1.02,0.74,305,10.6,6.90,53,1010.9,42.706940,-70.705420,301,10.3,2.00,999.00,1.300,2.70,-2.00,2026-04-06 15:00:00
2,2026-04-06 19:20:00,0.56,2.8,325,322,0.98,0.72,296,11.9,6.90,53,1010.9,42.706980,-70.705350,291,11.0,2.00,999.00,1.300,2.70,-1.90,2026-04-06 15:20:00
3,2026-04-06 19:40:00,0.63,2.8,313,317,1.09,0.80,309,9.4,6.80,55,1011.1,42.706980,-70.705380,295,8.7,2.00,999.00,1.300,2.70,-1.60,2026-04-06 15:40:00
4,2026-04-06 20:00:00,0.66,3.0,330,323,1.14,0.84,292,8.2,6.90,52,1011.3,42.706960,-70.705350,311,10.6,3.00,999.00,1.300,2.60,-2.10,2026-04-06 16:00:00
1,2026-04-06 20:00:00,0.66,3.0,330,323,1.14,0.84,292,8.2,6.90,52,1011.3,42.706960,-70.705350,311,10.6,3.00,999.00,1.300,2.60,-2.10,2026-04-06 16:00:00
1,2026-04-06 20:00:00,0.66,3.0,330,323,1.14,0.84,292,8.2,6.90,52,1011.3,42.706960,-70.705350,311,10.6,3.00,999.00,1.300,2.60,-2.10,2026-04-06 16:00:00
2,2026-04-06 20:20:00,0.68,3.0,328,330,1.18,0.87,285,7.0,7.00,53,1011.5,42.706980,-70.705340,302,10.6,3.00,999.00,1.300,2.70,-1.90,2026-04-06 16:20:00
3,2026-04-06 20:40:00,0.62,3.2,355,336,1.07,0.79,288,10.1,7.00,52,1011.7,42.707000,-70.705310,297,10.1,2.00,999.00,1.300,2.70,-2.00,2026-04-06 16:40:00
4,2026-04-06 21:00:00,0.60,2.9,338,333,1.05,0.77,292,7.0,6.90,56,1011.9,42.706980,-70.705310,298,8.8,3.00,999.00,1.300,2.90,-1.20,2026-04-06 17:00:00
5,2026-04-06 21:20:00,0.56,2.6,327,333,0.98,0.71,314,8.9,7.10,53,1012.2,42.706950,-70.705340,311,8.4,3.00,999.00,1.300,2.80,-1.80,2026-04-06 17:20:00
6,2026-04-06 21:40:00,0.52,2.6,339,344,0.91,0.66,298,8.5,7.00,51,1012.5,42.706960,-70.705340,302,9.4,3.00,999.00,1.300,2.60,-2.20,2026-04-06 17:40:00
7,2026-04-06 22:00:00,0.47,3.1,356,340,0.82,0.60,323,8.2,7.10,52,1012.9,42.706920,-70.705510,315,8.1,3.00,999.00,1.300,2.70,-2.00,2026-04-06 18:00:00
8,2026-04-06 22:20:00,0.47,2.6,352,345,0.82,0.60,300,7.5,6.90,55,1013.2,42.706980,-70.705340,311,7.8,3.00,999.00,1.300,2.80,-1.40,2026-04-06 18:20:00
9,2026-04-06 22:40:00,0.44,2.8,1,348,0.76,0.56,315,7.5,6.80,56,1013.6,42.706980,-70.705310,310,7.1,3.00,999.00,1.300,2.80,-1.30,2026-04-06 18:40:00
10,2026-04-06 23:00:00,0.45,2.8,5,359,0.77,0.57,306,6.2,6.40,61,1014.2,42.706980,-70.705310,314,7.9,3.00,999.00,1.300,2.80,-0.60,2026-04-06 19:00:00
11,2026-04-06 23:20:00,0.44,2.8,6,6,0.76,0.55,320,9.6,6.20,61,1015.0,42.706970,-70.705290,317,9.4,1.00,999.00,1.300,2.70,-0.70,2026-04-06 19:20:00
12,2026-04-06 23:40:00,0.46,2.8,2,359,0.80,0.59,315,5.9,6.00,61,1015.7,42.706970,-70.705310,314,7.4,2.00,999.00,1.300,2.50,-0.80,2026-04-06 19:40:00
13,2026-04-07,0.47,2.9,355,358,0.82,0.60,312,9.5,5.90,60,1016.4,42.706970,-70.705310,314,6.7,1.00,999.00,1.300,2.30,-1.30,2026-04-06 20:00:00
14,2026-04-07 00:20:00,0.47,2.8,355,357,0.82,0.60,293,5.7,5.60,66,1016.8,42.707000,-70.705340,303,6.2,2.00,999.00,1.300,2.50,-0.20,2026-04-06 20:20:00
15,2026-04-07 00:40:00,0.43,2.9,8,3,0.74,0.54,296,5.3,5.70,56,1017.4,42.707020,-70.705310,293,7.9,2.00,999.00,1.300,1.80,-2.30,2026-04-06 20:40:00
16,2026-04-07 01:00:00,0.41,2.7,359,0,0.71,0.52,301,9.0,5.60,54,1017.8,42.707030,-70.705310,295,7.7,1.00,999.00,1.300,1.60,-3.00,2026-04-06 21:00:00
17,2026-04-07 01:20:00,0.41,2.8,358,337,0.72,0.52,300,6.9,5.20,59,1018.1,42.707020,-70.705290,291,8.0,1.00,999.00,1.300,1.60,-2.10,2026-04-06 21:20:00
18,2026-04-07 01:40:00,0.37,2.2,310,345,0.66,0.47,295,5.6,5.00,63,1018.4,42.707020,-70.705290,294,6.6,1.00,999.00,1.300,1.70,-1.40,2026-04-06 21:40:00
19,2026-04-07 02:00:00,0.33,2.3,345,345,0.58,0.42,290,4.7,4.80,63,1018.5,42.707000,-70.705310,298,5.7,1.00,999.00,1.300,1.60,-1.50,2026-04-06 22:00:00
20,2026-04-07 02:20:00,0.31,8.1,90,40,0.48,0.39,306,5.5,4.60,58,1018.7,42.707020,-70.705310,302,4.6,1.00,999.00,1.300,1.00,-2.90,2026-04-06 22:20:00
21,2026-04-07 02:40:00,0.28,7.7,88,66,0.45,0.36,312,3.9,4.50,61,1018.7,42.707020,-70.705350,309,3.9,1.00,999.00,1.300,1.10,-2.30,2026-04-06 22:40:00
22,2026-04-07 03:00:00,0.24,7.8,88,64,0.39,0.31,284,3.8,4.40,59,1019.0,42.707020,-70.705350,293,3.0,1.00,999.00,1.300,0.90,-2.90,2026-04-06 23:00:00
23,2026-04-07 03:20:00,0.26,7.7,90,76,0.41,0.33,274,2.9,4.10,60,1019.0,42.707020,-70.705350,278,2.7,1.00,999.00,1.300,0.80,-2.80,2026-04-06 23:20:00
24,2026-04-07 03:40:00,0.26,8.2,87,69,0.40,0.33,277,3.5,4.10,61,1019.1,42.707020,-70.705350,273,3.0,1.00,999.00,1.300,0.80,-2.60,2026-04-06 23:40:00
25,2026-04-07 04:00:00,0.26,7.4,91,76,0.42,0.33,253,2.8,3.80,60,1019.1,42.707020,-70.705350,259,2.8,1.00,999.00,1.300,0.40,-3.30,2026-04-07
26,2026-04-07 04:20:00,0.26,8.4,89,78,0.41,0.33,260,2.1,3.60,62,1019.1,42.707050,-70.705340,253,2.5,2.00,999.00,1.300,0.40,-3.00,2026-04-07 00:20:00
27,2026-04-07 04:40:00,0.26,8.6,91,86,0.40,0.33,247,3.2,3.60,65,1019.0,42.707050,-70.705250,260,2.7,1.00,999.00,1.300,0.60,-2.30,2026-04-07 00:40:00
28,2026-04-07 05:00:00,0.23,7.5,93,86,0.36,0.29,258,2.1,3.60,61,1019.1,42.707020,-70.705290,270,2.4,2.00,999.00,1.300,0.30,-3.10,2026-04-07 01:00:00
29,2026-04-07 05:20:00,0.22,8.0,93,87,0.35,0.29,245,2.8,3.40,62,1019.1,42.707020,-70.705390,253,2.6,1.00,999.00,1.300,0.30,-3.00,2026-04-07 01:20:00
30,2026-04-07 05:40:00,0.20,7.6,88,85,0.31,0.25,217,2.8,3.30,75,1019.0,42.707050,-70.705380,999,1000.0,1.00,999.00,1.300,1.10,-0.60,2026-04-07 01:40:00
31,2026-04-07 06:00:00,0.21,8.5,85,87,0.33,0.26,231,3.9,2.80,69,1019.3,42.707070,-70.705350,236,4.4,-1.00,999.00,1.300,0.20,-2.20,2026-04-07 02:00:00
32,2026-04-07 06:20:00,0.24,8.1,92,88,0.39,0.31,248,5.2,3.00,68,1019.4,42.707030,-70.705350,247,4.2,-1.00,999.00,1.300,0.30,-2.10,2026-04-07 02:20:00
33,2026-04-07 06:40:00,0.22,7.3,89,89,0.35,0.28,247,3.7,2.80,69,1019.2,42.707030,-70.705340,251,3.9,-1.00,999.00,1.300,0.20,-2.30,2026-04-07 02:40:00
34,2026-04-07 07:00:00,0.23,8.9,88,93,0.36,0.30,234,3.6,2.90,71,1019.2,42.707020,-70.705350,239,3.7,0.00,999.00,1.300,0.40,-1.80,2026-04-07 03:00:00
35,2026-04-07 07:20:00,0.22,7.7,89,90,0.34,0.27,233,2.3,3.00,75,1019.2,42.707020,-70.705390,237,2.4,1.00,999.00,1.300,0.80,-1.00,2026-04-07 03:20:00
36,2026-04-07 07:40:00,0.21,7.7,85,88,0.33,0.26,237,3.5,2.90,75,1019.3,42.707050,-70.705390,243,3.3,0.00,999.00,1.300,0.70,-1.00,2026-04-07 03:40:00
37,2026-04-07 08:00:00,0.19,8.6,84,84,0.30,0.25,240,1.6,2.60,72,1019.3,42.707050,-70.705390,251,2.2,1.00,999.00,1.300,0.30,-1.80,2026-04-07 04:00:00
38,2026-04-07 08:20:00,0.18,7.8,83,86,0.29,0.23,310,1.1,2.60,70,1019.4,42.707070,-70.705420,308,1.1,999.00,999.00,1.300,0.10,-2.20,2026-04-07 04:20:00
39,2026-04-07 08:40:00,0.20,8.5,90,86,0.31,0.25,249,1.4,2.70,71,1019.8,42.707050,-70.705390,268,1.3,999.00,999.00,1.300,0.20,-2.00,2026-04-07 04:40:00
40,2026-04-07 09:00:00,0.19,8.1,90,90,0.30,0.24,319,0.9,2.70,69,1019.8,42.707070,-70.705390,285,0.9,999.00,999.00,1.300,0.00,-2.50,2026-04-07 05:00:00
41,2026-04-07 09:20:00,0.21,9.1,0,85,0.33,0.27,49,0.8,2.60,76,1019.7,42.707070,-70.705390,48,1.1,999.00,999.00,1.300,0.40,-1.20,2026-04-07 05:20:00
42,2026-04-07 09:40:00,0.21,9.4,0,86,0.32,0.26,172,0.5,2.70,75,1020.0,42.707070,-70.705390,180,0.3,999.00,999.00,1.300,0.50,-1.20,2026-04-07 05:40:00
43,2026-04-07 10:00:00,0.19,9.5,90,86,0.29,0.24,222,1.8,2.90,72,1020.4,42.707050,-70.705390,224,1.0,1.00,999.00,1.300,0.50,-1.60,2026-04-07 06:00:00
44,2026-04-07 10:20:00,0.22,9.1,90,89,0.34,0.28,216,2.1,3.00,71,1020.7,42.707070,-70.705390,211,2.3,1.00,999.00,1.300,0.50,-1.70,2026-04-07 06:20:00
45,2026-04-07 10:40:00,0.19,9.3,90,89,0.29,0.24,180,4.2,3.30,69,1020.6,42.707080,-70.705390,208,3.0,0.00,999.00,1.300,0.70,-1.70,2026-04-07 06:40:00
46,2026-04-07 11:00:00,0.24,9.5,90,90,0.37,0.30,203,4.3,3.90,65,1020.8,42.707100,-70.705380,211,4.8,0.00,999.00,1.300,0.80,-2.10,2026-04-07 07:00:00
47,2026-04-07 11:20:00,0.20,8.9,90,90,0.31,0.25,130,0.3,4.10,61,1020.7,42.707070,-70.705380,183,0.7,999.00,999.00,1.300,0.80,-2.70,2026-04-07 07:20:00
48,2026-04-07 11:40:00,0.16,8.9,90,89,0.25,0.21,60,1.2,4.00,68,1020.8,42.707050,-70.705350,108,0.5,999.00,999.00,1.300,1.30,-1.20,2026-04-07 07:40:00
49,2026-04-07 12:00:00,0.20,8.9,90,89,0.31,0.25,63,2.1,4.00,69,1020.8,42.707050,-70.705350,70,1.9,2.00,999.00,1.300,1.30,-1.10,2026-04-07 08:00:00
1,2026-04-07 12:00:00,0.20,8.9,90,89,0.31,0.25,63,2.1,4.00,69,1020.8,42.707050,-70.705350,70,1.9,2.00,999.00,1.300,1.30,-1.10,2026-04-07 08:00:00
2,2026-04-07 12:20:00,0.20,9.3,90,89,0.32,0.26,141,2.0,4.10,69,1021.1,42.707050,-70.705380,103,1.5,2.00,999.00,1.300,1.40,-1.00,2026-04-07 08:20:00
3,2026-04-07 12:40:00,0.21,9.4,90,89,0.33,0.27,204,6.1,3.00,77,1020.9,42.707100,-70.705390,177,4.5,-2.00,999.00,1.300,0.90,-0.60,2026-04-07 08:40:00
1,2026-04-07 12:40:00,0.21,9.4,90,89,0.33,0.27,204,6.1,3.00,77,1020.9,42.707100,-70.705390,177,4.5,-2.00,999.00,1.300,0.90,-0.60,2026-04-07 08:40:00
2,2026-04-07 13:00:00,0.17,9.4,90,89,0.26,0.21,168,3.7,1.60,90,1021.2,42.707140,-70.705390,173,5.4,-2.00,999.00,1.300,0.60,0.10,2026-04-07 09:00:00
1,2026-04-07 13:00:00,0.17,9.4,90,89,0.26,0.21,168,3.7,1.60,90,1021.2,42.707140,-70.705390,173,5.4,-2.00,999.00,1.300,0.60,0.10,2026-04-07 09:00:00
2,2026-04-07 13:20:00,0.20,9.4,90,93,0.32,0.26,159,3.6,1.90,89,1021.2,42.707150,-70.705390,157,4.2,-2.00,999.00,1.300,0.80,0.20,2026-04-07 09:20:00
3,2026-04-07 13:40:00,0.21,8.9,90,98,0.33,0.27,159,5.4,2.00,90,1021.1,42.707120,-70.705420,160,5.4,-3.00,999.00,1.300,1.00,0.50,2026-04-07 09:40:00
4,2026-04-07 14:00:00,0.21,9.0,89,104,0.34,0.27,137,5.6,1.50,94,1021.1,42.707080,-70.705440,151,4.6,-3.00,999.00,1.300,0.80,0.60,2026-04-07 10:00:00
1,2026-04-07 14:00:00,0.21,9.0,89,104,0.34,0.27,137,5.6,1.50,94,1021.1,42.707080,-70.705440,151,4.6,-3.00,999.00,1.300,0.80,0.60,2026-04-07 10:00:00
1,2026-04-07 14:00:00,0.21,9.0,89,104,0.34,0.27,137,5.6,1.50,94,1021.1,42.707080,-70.705440,151,4.6,-3.00,999.00,1.300,0.80,0.60,2026-04-07 10:00:00
2,2026-04-07 14:20:00,0.21,8.6,90,148,0.33,0.27,117,3.7,1.70,93,1021.0,42.707080,-70.705440,119,3.2,-2.00,999.00,1.300,1.00,0.70,2026-04-07 10:20:00
3,2026-04-07 14:40:00,0.18,7.9,92,105,0.29,0.23,131,4.1,1.80,92,1021.0,42.707080,-70.705440,125,4.1,-2.00,999.00,1.300,1.00,0.60,2026-04-07 10:40:00
1,2026-04-07 14:40:00,0.18,7.9,92,105,0.29,0.23,131,4.1,1.80,92,1021.0,42.707080,-70.705440,125,4.1,-2.00,999.00,1.300,1.00,0.60,2026-04-07 10:40:00
2,2026-04-07 15:00:00,0.20,8.2,90,99,0.32,0.25,124,8.1,2.10,88,1020.7,42.707070,-70.705480,129,6.6,-4.00,999.00,1.300,1.00,0.40,2026-04-07 11:00:00
1,2026-04-07 15:00:00,0.20,8.2,90,99,0.32,0.25,124,8.1,2.10,88,1020.7,42.707070,-70.705480,129,6.6,-4.00,999.00,1.300,1.00,0.40,2026-04-07 11:00:00
2,2026-04-07 15:20:00,0.23,9.0,92,101,0.35,0.29,129,6.9,2.00,92,1020.8,42.707070,-70.705470,125,5.5,-3.00,999.00,1.300,1.20,0.80,2026-04-07 11:20:00
3,2026-04-07 15:40:00,0.23,8.5,94,100,0.37,0.30,120,8.2,2.20,93,1020.5,42.707070,-70.705480,133,7.0,-4.00,999.00,1.300,1.50,1.20,2026-04-07 11:40:00
1,2026-04-07 15:40:00,0.23,8.5,94,100,0.37,0.30,120,8.2,2.20,93,1020.5,42.707070,-70.705480,133,7.0,-4.00,999.00,1.300,1.50,1.20,2026-04-07 11:40:00
2,2026-04-07 16:00:00,0.26,8.5,92,101,0.42,0.34,141,4.9,2.30,92,1020.4,42.707110,-70.705480,149,6.2,-2.00,999.00,1.300,1.50,1.20,2026-04-07 12:00:00
3,2026-04-07 16:20:00,0.27,2.4,97,101,0.48,0.35,146,3.3,2.20,92,1020.3,42.707100,-70.705470,139,4.8,-1.00,999.00,1.300,1.40,1.00,2026-04-07 12:20:00
4,2026-04-07 16:40:00,0.28,8.0,91,103,0.45,0.36,140,3.3,2.50,91,1020.1,42.707080,-70.705480,131,3.5,-1.00,999.00,1.300,1.60,1.20,2026-04-07 12:40:00
5,2026-04-07 17:00:00,0.27,7.9,89,103,0.43,0.35,146,2.9,3.30,91,1019.9,42.707070,-70.705490,145,3.6,1.00,999.00,1.300,2.40,2.00,2026-04-07 13:00:00
6,2026-04-07 17:20:00,0.27,3.0,98,98,0.46,0.34,201,2.1,3.30,89,1020.1,42.707070,-70.705470,164,2.8,1.00,999.00,1.300,2.20,1.60,2026-04-07 13:20:00
7,2026-04-07 17:40:00,0.26,7.7,91,95,0.41,0.32,150,1.7,3.50,89,1020.0,42.707050,-70.705470,193,1.0,2.00,999.00,1.300,2.40,1.80,2026-04-07 13:40:00
1,2026-04-07 17:40:00,0.26,7.7,91,95,0.41,0.32,150,1.7,3.50,89,1020.0,42.707050,-70.705470,193,1.0,2.00,999.00,1.300,2.40,1.80,2026-04-07 13:40:00
2,2026-04-07 18:00:00,0.26,8.3,91,93,0.41,0.33,94,2.9,3.40,90,1020.0,42.707150,-70.705490,89,2.6,1.00,999.00,1.300,2.40,1.90,2026-04-07 14:00:00
3,2026-04-07 18:20:00,0.23,8.4,88,93,0.37,0.30,70,2.4,3.30,90,1020.1,42.707080,-70.705470,70,2.3,1.00,999.00,1.300,2.30,1.80,2026-04-07 14:20:00
1,2026-04-07 18:20:00,0.23,8.4,88,93,0.37,0.30,70,2.4,3.30,90,1020.1,42.707080,-70.705470,70,2.3,1.00,999.00,1.300,2.30,1.80,2026-04-07 14:20:00
2,2026-04-07 18:40:00,0.24,9.1,93,93,0.38,0.31,22,3.3,3.30,90,1019.9,42.707070,-70.705480,41,3.0,0.00,999.00,1.300,2.40,1.90,2026-04-07 14:40:00
1,2026-04-07 18:40:00,0.24,9.1,93,93,0.38,0.31,22,3.3,3.30,90,1019.9,42.707070,-70.705480,41,3.0,0.00,999.00,1.300,2.40,1.90,2026-04-07 14:40:00
2,2026-04-07 19:00:00,0.25,8.1,93,95,0.39,0.31,5,3.1,3.30,90,1019.9,42.707050,-70.705440,18,3.7,0.00,999.00,1.300,2.30,1.80,2026-04-07 15:00:00
1,2026-04-07 19:00:00,0.25,8.1,93,95,0.39,0.31,5,3.1,3.30,90,1019.9,42.707050,-70.705440,18,3.7,0.00,999.00,1.300,2.30,1.80,2026-04-07 15:00:00
2,2026-04-07 19:20:00,0.25,7.6,91,97,0.39,0.31,347,3.1,3.40,90,1020.0,42.707050,-70.705470,4,2.9,1.00,999.00,1.300,2.30,1.80,2026-04-07 15:20:00
3,2026-04-07 19:40:00,0.27,7.6,91,95,0.43,0.34,356,3.6,3.30,90,1019.9,42.707030,-70.705440,358,4.0,0.00,999.00,1.300,2.40,1.90,2026-04-07 15:40:00
1,2026-04-07 19:40:00,0.27,7.6,91,95,0.43,0.34,356,3.6,3.30,90,1019.9,42.707030,-70.705440,358,4.0,0.00,999.00,1.300,2.40,1.90,2026-04-07 15:40:00
2,2026-04-07 20:00:00,0.25,7.3,92,96,0.39,0.31,0,3.9,3.40,91,1020.1,42.707020,-70.705440,6,4.2,0.00,999.00,1.300,2.40,2.00,2026-04-07 16:00:00
3,2026-04-07 20:20:00,0.26,7.6,89,95,0.42,0.33,3,4.5,3.30,90,1020.3,42.707020,-70.705440,2,4.4,-1.00,999.00,1.300,2.40,1.90,2026-04-07 16:20:00
4,2026-04-07 20:40:00,0.27,4.0,107,94,0.46,0.34,6,4.8,3.20,91,1020.7,42.707030,-70.705430,0,4.7,-1.00,999.00,1.300,2.30,1.80,2026-04-07 16:40:00
5,2026-04-07 21:00:00,0.30,4.2,108,92,0.50,0.38,12,5.6,3.10,91,1020.7,42.707020,-70.705420,7,5.5,-1.00,999.00,1.300,2.20,1.80,2026-04-07 17:00:00
6,2026-04-07 21:20:00,0.35,4.2,110,87,0.58,0.44,5,4.5,3.40,91,1021.2,42.707020,-70.705420,2,4.1,0.00,999.00,1.300,2.50,2.10,2026-04-07 17:20:00
7,2026-04-07 21:40:00,0.35,4.1,110,78,0.59,0.45,9,4.0,3.50,91,1021.6,42.706980,-70.705430,2,4.3,0.00,999.00,1.300,2.60,2.20,2026-04-07 17:40:00
8,2026-04-07 22:00:00,0.35,4.4,111,71,0.59,0.45,0,5.0,3.50,91,1021.9,42.707020,-70.705420,5,4.1,-1.00,999.00,1.300,2.50,2.10,2026-04-07 18:00:00
9,2026-04-07 22:20:00,0.34,4.2,109,78,0.57,0.43,9,4.3,3.70,90,1022.3,42.707000,-70.705440,13,4.8,0.00,999.00,1.300,2.60,2.10,2026-04-07 18:20:00
10,2026-04-07 22:40:00,0.36,4.2,108,81,0.60,0.45,24,4.6,3.50,90,1022.6,42.707000,-70.705440,10,5.3,0.00,999.00,1.300,2.50,1.90,2026-04-07 18:40:00
11,2026-04-07 23:00:00,0.36,4.5,110,72,0.60,0.45,356,2.6,3.50,91,1023.1,42.707000,-70.705430,12,3.4,1.00,999.00,1.300,2.60,2.20,2026-04-07 19:00:00
12,2026-04-07 23:20:00,0.33,5.7,107,80,0.55,0.43,347,5.4,3.90,89,1023.4,42.707020,-70.705390,351,3.9,0.00,999.00,1.300,2.80,2.30,2026-04-07 19:20:00
13,2026-04-07 23:40:00,0.34,5.3,109,77,0.56,0.43,349,4.7,4.20,86,1024.0,42.707000,-70.705390,339,5.2,0.00,999.00,1.300,2.90,2.10,2026-04-07 19:40:00
14,2026-04-08,0.35,4.2,99,67,0.58,0.44,21,6.4,3.70,86,1024.3,42.706980,-70.705440,13,5.7,-1.00,999.00,1.300,2.40,1.60,2026-04-07 20:00:00
15,2026-04-08 00:20:00,0.38,2.2,19,56,0.67,0.48,317,7.7,4.40,63,1024.8,42.707050,-70.705350,330,7.0,-1.00,999.00,1.300,1.20,-2.00,2026-04-07 20:20:00
16,2026-04-08 00:40:00,0.38,2.2,27,51,0.68,0.49,330,8.6,4.30,61,1025.3,42.707000,-70.705350,325,8.1,-1.00,999.00,1.300,1.00,-2.40,2026-04-07 20:40:00
17,2026-04-08 01:00:00,0.41,2.2,351,14,0.73,0.52,327,9.3,4.20,65,1025.9,42.707020,-70.705340,323,7.7,-1.00,999.00,1.300,1.10,-1.80,2026-04-07 21:00:00
18,2026-04-08 01:20:00,0.45,2.3,0,3,0.80,0.57,340,10.1,4.00,63,1026.3,42.707020,-70.705310,321,7.2,-2.00,999.00,1.300,0.80,-2.40,2026-04-07 21:20:00
19,2026-04-08 01:40:00,0.46,2.6,352,357,0.80,0.58,312,5.4,3.80,63,1026.6,42.707000,-70.705340,327,6.5,0.00,999.00,1.300,0.70,-2.50,2026-04-07 21:40:00
20,2026-04-08 02:00:00,0.44,2.4,355,2,0.78,0.56,322,8.1,3.70,68,1027.0,42.706980,-70.705310,318,7.3,-2.00,999.00,1.300,0.90,-1.60,2026-04-07 22:00:00
21,2026-04-08 02:20:00,0.43,2.3,3,4,0.77,0.55,327,9.6,3.40,67,1027.1,42.706980,-70.705310,322,9.0,-2.00,999.00,1.300,0.60,-2.00,2026-04-07 22:20:00
22,2026-04-08 02:40:00,0.45,2.3,3,10,0.80,0.58,324,10.0,3.20,70,1027.5,42.706980,-70.705310,318,8.4,-3.00,999.00,1.300,0.70,-1.60,2026-04-07 22:40:00
23,2026-04-08 03:00:00,0.47,2.5,359,1,0.83,0.60,331,9.8,2.90,69,1027.8,42.706980,-70.705350,323,8.7,-3.00,999.00,1.300,0.30,-2.10,2026-04-07 23:00:00
24,2026-04-08 03:20:00,0.45,2.5,358,360,0.80,0.58,317,8.9,2.70,73,1028.0,42.706960,-70.705390,329,9.4,-3.00,999.00,1.300,0.40,-1.50,2026-04-07 23:20:00
25,2026-04-08 03:40:00,0.51,2.6,2,358,0.89,0.65,315,11.0,2.20,71,1028.6,42.706920,-70.705420,318,10.7,-4.00,999.00,1.300,-0.20,-2.50,2026-04-07 23:40:00
26,2026-04-08 04:00:00,0.54,2.8,7,358,0.94,0.69,324,10.3,1.30,68,1028.7,42.706910,-70.705420,323,12.3,-5.00,999.00,1.300,-1.20,-3.80,2026-04-08
27,2026-04-08 04:20:00,0.64,3.1,356,349,1.10,0.81,315,13.1,1.10,71,1029.1,42.706920,-70.705390,320,10.9,-6.00,999.00,1.300,-1.20,-3.50,2026-04-08 00:20:00
28,2026-04-08 04:40:00,0.70,3.1,347,347,1.21,0.89,320,10.0,1.00,72,1029.6,42.706920,-70.705390,324,10.4,-6.00,999.00,1.300,-1.20,-3.40,2026-04-08 00:40:00
29,2026-04-08 05:00:00,0.68,3.2,354,353,1.16,0.86,336,9.9,1.00,75,1029.7,42.706920,-70.705390,328,10.6,-6.00,999.00,1.300,-1.00,-2.90,2026-04-08 01:00:00
30,2026-04-08 05:20:00,0.67,3.4,2,358,1.15,0.85,325,10.9,0.80,72,1029.8,42.706920,-70.705390,330,10.3,-6.00,999.00,1.300,-1.40,-3.60,2026-04-08 01:20:00
31,2026-04-08 05:40:00,0.60,3.1,2,359,1.04,0.76,343,10.2,0.60,72,1030.1,42.706890,-70.705160,334,10.2,-6.00,999.00,1.300,-1.60,-3.90,2026-04-08 01:40:00
32,2026-04-08 06:00:00,0.58,3.0,355,360,1.01,0.74,338,12.0,0.40,70,1030.4,42.706950,-70.705390,333,10.6,-7.00,999.00,1.300,-1.90,-4.40,2026-04-08 02:00:00
33,2026-04-08 06:20:00,0.61,3.2,4,1,1.05,0.78,328,9.5,0.30,70,1030.7,42.706950,-70.705380,334,9.8,-6.00,999.00,1.300,-1.90,-4.40,2026-04-08 02:20:00
34,2026-04-08 06:40:00,0.65,3.2,1,3,1.11,0.82,328,6.5,0.20,70,1030.9,42.706960,-70.705390,334,9.8,-5.00,999.00,1.300,-2.10,-4.50,2026-04-08 02:40:00
35,2026-04-08 07:00:00,0.69,3.6,10,6,1.17,0.87,345,9.1,0.00,69,1031.2,42.706960,-70.705420,340,9.9,-7.00,999.00,1.300,-2.30,-4.90,2026-04-08 03:00:00
36,2026-04-08 07:20:00,0.72,3.7,12,11,1.22,0.92,341,8.2,0.10,71,1031.7,42.706950,-70.705390,340,9.4,-6.00,999.00,1.300,-2.10,-4.50,2026-04-08 03:20:00
37,2026-04-08 07:40:00,0.64,3.7,24,14,1.09,0.82,329,9.7,0.00,71,1031.8,42.706980,-70.705390,341,9.0,-7.00,999.00,1.300,-2.20,-4.00,2026-04-08 03:40:00
38,2026-04-08 08:00:00,0.64,3.6,18,12,1.09,0.82,331,10.9,0.00,72,1032.1,42.706980,-70.705380,335,9.4,-7.00,999.00,1.300,-2.20,-4.00,2026-04-08 04:00:00
39,2026-04-08 08:20:00,0.63,3.5,17,14,1.08,0.80,323,9.5,-0.20,69,1032.4,42.706980,-70.705350,341,9.0,-7.00,999.00,1.300,-2.60,-4.60,2026-04-08 04:20:00
40,2026-04-08 08:40:00,0.68,3.3,7,10,1.18,0.87,339,8.1,-0.10,72,1032.6,42.706990,-70.705350,343,8.8,-7.00,999.00,1.300,-2.30,-4.00,2026-04-08 04:40:00
41,2026-04-08 09:00:00,0.67,3.5,17,15,1.14,0.85,343,8.1,0.00,71,1032.8,42.707000,-70.705390,350,9.4,-6.00,999.00,1.300,-2.30,-4.00,2026-04-08 05:00:00
42,2026-04-08 09:20:00,0.65,3.1,13,14,1.12,0.82,345,10.7,-0.20,69,1033.2,42.706980,-70.705350,353,9.1,-8.00,999.00,1.300,-2.60,-4.60,2026-04-08 05:20:00
43,2026-04-08 09:40:00,0.67,3.3,14,17,1.15,0.85,353,10.0,-0.30,68,1033.7,42.706980,-70.705390,352,8.4,-7.00,999.00,1.300,-2.80,-4.90,2026-04-08 05:40:00
44,2026-04-08 10:00:00,0.67,3.6,18,15,1.15,0.86,354,8.4,-0.50,68,1034.2,42.706980,-70.705380,347,7.6,-7.00,999.00,1.300,-2.90,-5.10,2026-04-08 06:00:00
45,2026-04-08 10:20:00,0.62,3.5,21,17,1.06,0.79,344,8.5,-0.60,65,1034.5,42.706980,-70.705390,358,7.2,-7.00,999.00,1.300,-3.20,-5.60,2026-04-08 06:20:00
46,2026-04-08 10:40:00,0.64,3.3,19,17,1.09,0.81,11,7.3,-0.50,67,1035.0,42.706980,-70.705390,5,6.9,-7.00,999.00,1.300,-3.00,-5.20,2026-04-08 06:40:00
47,2026-04-08 11:00:00,0.60,3.6,28,20,1.03,0.77,10,4.1,-0.40,68,1035.4,42.706980,-70.705390,2,6.3,-5.00,999.00,1.300,-2.80,-5.00,2026-04-08 07:00:00
48,2026-04-08 11:20:00,0.56,3.3,23,21,0.95,0.71,22,5.5,-0.30,68,1035.8,42.706980,-70.705390,8,6.0,-6.00,999.00,1.300,-2.70,-4.80,2026-04-08 07:20:00
49,2026-04-08 11:40:00,0.59,4.8,55,37,0.98,0.75,4,5.8,-0.30,67,1036.3,42.706960,-70.705390,12,5.8,-6.00,999.00,1.300,-2.80,-5.00,2026-04-08 07:40:00
50,2026-04-08 12:00:00,0.68,5.0,52,45,1.12,0.86,15,7.0,-0.10,70,1036.7,42.706980,-70.705390,3,5.6,-6.00,999.00,1.300,-2.40,-4.30,2026-04-08 08:00:00
1,2026-04-08 12:00:00,0.68,5.0,52,45,1.12,0.86,15,7.0,-0.10,70,1036.7,42.706980,-70.705390,3,5.6,-6.00,999.00,1.300,-2.40,-4.30,2026-04-08 08:00:00
2,2026-04-08 12:20:00,0.69,5.4,54,48,1.14,0.88,18,7.7,-0.30,67,1036.9,42.706960,-70.705390,4,5.7,-7.00,999.00,1.300,-2.80,-5.00,2026-04-08 08:20:00
3,2026-04-08 12:40:00,0.73,5.3,49,48,1.20,0.93,30,6.4,-0.10,67,1037.1,42.706970,-70.705420,26,5.0,-6.00,999.00,1.300,-2.60,-4.80,2026-04-08 08:40:00
1,2026-04-08 12:40:00,0.73,5.3,49,48,1.20,0.93,30,6.4,-0.10,67,1037.1,42.706970,-70.705420,26,5.0,-6.00,999.00,1.300,-2.60,-4.80,2026-04-08 08:40:00
2,2026-04-08 13:00:00,0.77,5.5,52,52,1.26,0.98,37,8.1,0.00,70,1037.4,42.706970,-70.705420,28,5.0,-6.00,999.00,1.300,-2.30,-4.80,2026-04-08 09:00:00
3,2026-04-08 13:20:00,0.82,4.8,51,52,1.36,1.05,34,3.8,0.00,65,1037.7,NA,NA,NA,NA,NA,NA,NA,NA,NA,2026-04-08 09:20:00
1,2026-04-08 13:20:00,0.82,4.8,51,52,1.36,1.05,34,3.8,0.00,65,1037.7,42.706960,-70.705420,26,4.6,-4.00,999.00,1.300,-2.60,-5.60,2026-04-08 09:20:00
2,2026-04-08 13:40:00,0.79,5.3,52,53,1.30,1.00,27,6.9,0.00,64,1037.9,42.706950,-70.705420,28,4.6,-6.00,999.00,1.300,-2.70,-5.90,2026-04-08 09:40:00
3,2026-04-08 14:00:00,0.86,5.0,55,55,1.42,1.09,38,6.2,0.10,57,1037.9,NA,NA,NA,NA,NA,NA,NA,NA,NA,2026-04-08 10:00:00
1,2026-04-08 14:00:00,0.86,5.0,55,55,1.42,1.09,38,6.2,0.10,57,1037.9,42.706950,-70.705470,34,5.9,-5.00,999.00,1.300,-2.90,-7.20,2026-04-08 10:00:00
2,2026-04-08 14:20:00,0.82,5.3,55,55,1.35,1.04,29,5.5,0.40,56,1037.9,42.706940,-70.705470,35,6.5,-5.00,999.00,1.300,-2.70,-7.20,2026-04-08 10:20:00
1,2026-04-08 14:20:00,0.82,5.3,55,55,1.35,1.04,29,5.5,0.40,56,1037.9,42.706940,-70.705470,35,6.5,-5.00,999.00,1.300,-2.70,-7.20,2026-04-08 10:20:00
2,2026-04-08 14:40:00,0.89,5.4,58,56,1.47,1.14,62,5.3,0.40,55,1038.0,42.706950,-70.705490,32,7.0,-5.00,999.00,1.300,-2.70,-7.40,2026-04-08 10:40:00
1,2026-04-08 14:40:00,0.89,5.4,58,56,1.47,1.14,62,5.3,0.40,55,1038.0,42.706950,-70.705490,32,7.0,-5.00,999.00,1.300,-2.70,-7.40,2026-04-08 10:40:00
2,2026-04-08 15:00:00,0.88,5.1,49,53,1.46,1.12,32,6.3,0.30,56,1037.9,42.706960,-70.705510,42,6.3,-5.00,999.00,1.300,-2.80,-7.40,2026-04-08 11:00:00
1,2026-04-08 15:00:00,0.88,5.1,49,53,1.46,1.12,32,6.3,0.30,56,1037.9,42.706960,-70.705510,42,6.3,-5.00,999.00,1.300,-2.80,-7.40,2026-04-08 11:00:00
2,2026-04-08 15:20:00,0.85,5.3,57,57,1.39,1.08,32,5.4,0.50,53,1037.9,42.706930,-70.705480,39,5.6,-5.00,999.00,1.300,-2.80,-7.90,2026-04-08 11:20:00
3,2026-04-08 15:40:00,0.81,5.1,56,55,1.34,1.03,38,5.0,0.70,54,1037.9,42.706950,-70.705490,35,5.2,-4.00,999.00,1.300,-2.60,-7.50,2026-04-08 11:40:00
4,2026-04-08 16:00:00,0.80,5.1,55,56,1.33,1.02,23,6.1,0.90,56,1037.7,42.706930,-70.705470,35,5.5,-4.00,999.00,1.300,-2.30,-6.90,2026-04-08 12:00:00
1,2026-04-08 16:00:00,0.80,5.1,55,56,1.33,1.02,23,6.1,0.90,56,1037.7,42.706930,-70.705470,35,5.5,-4.00,999.00,1.300,-2.30,-6.90,2026-04-08 12:00:00
1,2026-04-08 16:00:00,0.80,5.1,55,56,1.33,1.02,23,6.1,0.90,56,1037.7,42.706930,-70.705470,35,5.5,-4.00,999.00,1.300,-2.30,-6.90,2026-04-08 12:00:00
2,2026-04-08 16:20:00,0.78,5.3,61,58,1.29,0.99,55,5.5,0.90,55,1037.4,42.706960,-70.705480,44,5.4,-4.00,999.00,1.300,-2.40,-7.00,2026-04-08 12:20:00
3,2026-04-08 16:40:00,0.80,4.6,57,58,1.33,1.01,52,6.3,1.10,57,1037.4,42.706950,-70.705480,42,5.0,-4.00,999.00,1.300,-2.00,-6.30,2026-04-08 12:40:00
4,2026-04-08 17:00:00,0.77,5.1,60,58,1.27,0.98,44,4.1,1.00,49,1037.3,42.706960,-70.705490,56,4.5,-3.00,999.00,1.300,-2.60,-8.30,2026-04-08 13:00:00
1,2026-04-08 17:00:00,0.77,5.1,60,58,1.27,0.98,44,4.1,1.00,49,1037.3,42.706960,-70.705490,56,4.5,-3.00,999.00,1.300,-2.60,-8.30,2026-04-08 13:00:00
1,2026-04-08 17:00:00,0.77,5.1,60,58,1.27,0.98,44,4.1,1.00,49,1037.3,42.706960,-70.705490,56,4.5,-3.00,999.00,1.300,-2.60,-8.30,2026-04-08 13:00:00
2,2026-04-08 17:20:00,0.74,5.0,60,59,1.22,0.94,79,4.6,1.10,50,1036.9,42.706970,-70.705510,70,5.0,-3.00,999.00,1.300,-2.50,-8.10,2026-04-08 13:20:00
3,2026-04-08 17:40:00,0.67,5.0,58,62,1.11,0.85,108,5.0,1.10,47,1036.9,42.706990,-70.705520,87,4.6,-4.00,999.00,1.300,-2.60,-8.80,2026-04-08 13:40:00
1,2026-04-08 17:40:00,0.67,5.0,58,62,1.11,0.85,108,5.0,1.10,47,1036.9,42.706990,-70.705520,87,4.6,-4.00,999.00,1.300,-2.60,-8.80,2026-04-08 13:40:00
2,2026-04-08 18:00:00,0.66,5.3,69,62,1.08,0.84,94,3.9,1.50,56,1036.5,42.707000,-70.705540,99,4.7,-2.00,999.00,1.300,-1.80,-6.30,2026-04-08 14:00:00
1,2026-04-08 18:00:00,0.66,5.3,69,62,1.08,0.84,94,3.9,1.50,56,1036.5,42.707000,-70.705540,99,4.7,-2.00,999.00,1.300,-1.80,-6.30,2026-04-08 14:00:00
2,2026-04-08 18:20:00,0.63,4.8,60,64,1.05,0.81,103,4.9,1.40,53,1036.5,42.707020,-70.705540,98,4.4,-3.00,999.00,1.300,-2.10,-7.20,2026-04-08 14:20:00
3,2026-04-08 18:40:00,0.59,5.2,70,64,0.98,0.75,125,4.7,1.40,54,1036.2,42.707020,-70.705520,108,4.5,-3.00,999.00,1.300,-1.90,-6.70,2026-04-08 14:40:00
1,2026-04-08 18:40:00,0.59,5.2,70,64,0.98,0.75,125,4.7,1.40,54,1036.2,42.707020,-70.705520,108,4.5,-3.00,999.00,1.300,-1.90,-6.70,2026-04-08 14:40:00
2,2026-04-08 19:00:00,0.56,4.5,66,68,0.93,0.71,111,5.6,1.60,58,1036.0,42.707020,-70.705540,111,5.5,-3.00,999.00,1.300,-1.60,-5.60,2026-04-08 15:00:00
1,2026-04-08 19:00:00,0.56,4.5,66,68,0.93,0.71,111,5.6,1.60,58,1036.0,42.707020,-70.705540,111,5.5,-3.00,999.00,1.300,-1.60,-5.60,2026-04-08 15:00:00
2,2026-04-08 19:20:00,0.56,4.7,62,70,0.94,0.72,119,7.4,1.70,64,1035.8,42.707020,-70.705550,112,6.4,-4.00,999.00,1.300,-1.10,-4.30,2026-04-08 15:20:00
3,2026-04-08 19:40:00,0.55,4.2,62,70,0.93,0.70,112,6.8,1.90,59,1035.4,42.707020,-70.705550,113,6.3,-3.00,999.00,1.300,-1.20,-5.10,2026-04-08 15:40:00
1,2026-04-08 19:40:00,0.55,4.2,62,70,0.93,0.70,112,6.8,1.90,59,1035.4,42.707020,-70.705550,113,6.3,-3.00,999.00,1.300,-1.20,-5.10,2026-04-08 15:40:00
2,2026-04-08 20:00:00,0.57,4.8,72,73,0.94,0.72,128,5.1,2.30,59,1035.6,42.707050,-70.705540,118,5.4,-2.00,999.00,1.300,-0.90,-4.70,2026-04-08 16:00:00
3,2026-04-08 20:20:00,0.55,4.7,64,73,0.92,0.71,133,5.3,2.30,59,1035.6,42.707050,-70.705540,125,5.2,-2.00,999.00,1.300,-0.80,-4.80,2026-04-08 16:20:00
4,2026-04-08 20:40:00,0.52,5.7,81,74,0.85,0.66,145,4.0,2.80,50,1035.4,42.707050,-70.705490,151,4.7,-1.00,999.00,1.300,-1.00,-6.60,2026-04-08 16:40:00
5,2026-04-08 21:00:00,0.54,4.8,65,68,0.90,0.69,167,4.0,3.00,53,1035.3,42.707020,-70.705490,153,4.6,-1.00,999.00,1.300,-0.60,-5.50,2026-04-08 17:00:00
6,2026-04-08 21:20:00,0.56,5.7,71,70,0.91,0.71,167,4.9,3.00,54,1035.2,42.707050,-70.705480,160,4.6,-1.00,999.00,1.300,-0.60,-5.40,2026-04-08 17:20:00
7,2026-04-08 21:40:00,0.51,5.3,69,69,0.84,0.65,145,5.3,3.00,60,1035.2,42.707050,-70.705470,150,4.4,-1.00,999.00,1.300,-0.20,-3.90,2026-04-08 17:40:00
8,2026-04-08 22:00:00,0.49,5.4,70,70,0.81,0.63,179,4.1,2.90,56,1035.2,42.707050,-70.705420,157,3.8,-1.00,999.00,1.300,-0.50,-4.90,2026-04-08 18:00:00
9,2026-04-08 22:20:00,0.47,5.3,72,70,0.78,0.60,165,3.8,2.80,55,1035.0,42.707080,-70.705470,177,4.4,-1.00,999.00,1.300,-0.70,-5.20,2026-04-08 18:20:00
10,2026-04-08 22:40:00,0.44,5.4,71,69,0.73,0.56,156,4.2,2.70,57,1035.0,42.707080,-70.705470,175,4.6,-1.00,999.00,1.300,-0.60,-4.80,2026-04-08 18:40:00
11,2026-04-08 23:00:00,0.42,5.3,72,70,0.69,0.53,194,5.7,2.60,64,1035.0,42.707100,-70.705470,193,5.1,-2.00,999.00,1.300,-0.30,-3.50,2026-04-08 19:00:00
12,2026-04-08 23:20:00,0.41,5.4,67,70,0.68,0.52,194,5.7,2.50,63,1035.0,42.707110,-70.705440,191,5.0,-2.00,999.00,1.300,-0.40,-3.70,2026-04-08 19:20:00
13,2026-04-08 23:40:00,0.41,5.5,72,69,0.68,0.53,198,4.6,2.50,70,1035.0,42.707150,-70.705420,194,5.0,-2.00,999.00,1.300,0.00,-2.40,2026-04-08 19:40:00
14,2026-04-09,0.41,5.6,67,69,0.66,0.52,195,5.3,2.30,69,1035.1,42.707120,-70.705420,195,4.7,-2.00,999.00,1.300,-0.10,-2.60,2026-04-08 20:00:00
15,2026-04-09 00:20:00,0.38,5.3,66,70,0.62,0.48,207,4.5,2.30,71,1035.5,42.707150,-70.705430,202,4.9,-2.00,999.00,1.300,-0.10,-2.40,2026-04-08 20:20:00
16,2026-04-09 00:40:00,0.36,5.0,63,70,0.59,0.46,206,5.2,2.40,74,1035.8,42.707150,-70.705430,196,5.4,-2.00,999.00,1.300,0.20,-1.70,2026-04-08 20:40:00
17,2026-04-09 01:00:00,0.37,5.3,72,78,0.61,0.47,196,6.2,2.40,72,1035.8,42.707140,-70.705430,194,5.3,-3.00,999.00,1.300,0.00,-2.00,2026-04-08 21:00:00
18,2026-04-09 01:20:00,0.36,5.1,79,80,0.60,0.46,186,4.8,2.60,74,1036.0,42.707140,-70.705420,192,5.3,-2.00,999.00,1.300,0.40,-1.50,2026-04-08 21:20:00
19,2026-04-09 01:40:00,0.34,4.9,73,82,0.56,0.43,203,5.6,2.50,72,1036.2,42.707150,-70.705440,201,5.3,-2.00,999.00,1.300,0.10,-1.90,2026-04-08 21:40:00
20,2026-04-09 02:00:00,0.32,4.9,73,81,0.53,0.41,205,4.5,2.40,73,1036.3,42.707550,-70.706040,202,5.5,-2.00,999.00,1.300,0.10,-1.90,2026-04-08 22:00:00
21,2026-04-09 02:20:00,0.33,5.0,71,81,0.55,0.42,200,7.4,2.60,74,1036.2,42.707110,-70.705420,207,6.4,-3.00,999.00,1.300,0.30,-1.50,2026-04-08 22:20:00
22,2026-04-09 02:40:00,0.34,5.0,71,84,0.56,0.43,201,6.4,2.60,74,1036.1,42.707140,-70.705430,203,6.8,-2.00,999.00,1.300,0.40,-1.50,2026-04-08 22:40:00
23,2026-04-09 03:00:00,0.31,5.8,83,98,0.51,0.40,214,7.5,2.60,75,1036.2,42.707150,-70.705440,205,6.9,-3.00,999.00,1.300,0.40,-1.30,2026-04-08 23:00:00
24,2026-04-09 03:20:00,0.34,4.7,71,112,0.56,0.43,201,6.8,2.50,76,1036.1,42.707150,-70.705440,204,7.4,-3.00,999.00,1.300,0.40,-1.20,2026-04-08 23:20:00
25,2026-04-09 03:40:00,0.34,4.6,81,118,0.57,0.43,192,5.0,2.60,74,1035.9,42.707120,-70.705440,201,7.0,-2.00,999.00,1.300,0.40,-1.40,2026-04-08 23:40:00
26,2026-04-09 04:00:00,0.34,4.6,84,135,0.56,0.43,200,7.8,2.70,72,1035.8,42.707110,-70.705470,196,7.4,-3.00,999.00,1.300,0.30,-1.80,2026-04-09
27,2026-04-09 04:20:00,0.34,5.3,86,121,0.56,0.43,218,5.9,2.80,68,1036.4,42.707110,-70.705440,205,5.9,-2.00,999.00,1.300,0.10,-2.40,2026-04-09 00:20:00
28,2026-04-09 04:40:00,0.33,4.4,81,104,0.55,0.42,214,5.6,2.90,70,1036.3,42.707110,-70.705440,216,5.4,-2.00,999.00,1.300,0.40,-1.90,2026-04-09 00:40:00
29,2026-04-09 05:00:00,0.30,5.2,90,101,0.49,0.38,233,5.1,2.80,74,1036.4,42.707110,-70.705420,225,5.5,-1.00,999.00,1.300,0.60,-1.30,2026-04-09 01:00:00
30,2026-04-09 05:20:00,0.27,5.6,89,97,0.45,0.35,223,5.9,2.70,72,1036.2,42.707110,-70.705420,226,6.0,-2.00,999.00,1.300,0.30,-1.70,2026-04-09 01:20:00
31,2026-04-09 05:40:00,0.28,5.2,84,97,0.45,0.35,229,5.3,2.70,74,1036.0,42.707110,-70.705390,223,5.3,-2.00,999.00,1.300,0.50,-1.40,2026-04-09 01:40:00
32,2026-04-09 06:00:00,0.28,5.4,93,97,0.47,0.36,221,5.3,2.70,75,1035.9,42.707150,-70.705550,222,5.5,-2.00,999.00,1.300,0.50,-1.20,2026-04-09 02:00:00
33,2026-04-09 06:20:00,0.27,4.5,91,101,0.45,0.35,220,5.1,2.50,75,1035.7,42.707110,-70.705430,221,5.4,-2.00,999.00,1.300,0.40,-1.40,2026-04-09 02:20:00
34,2026-04-09 06:40:00,0.27,5.2,91,97,0.44,0.34,230,3.7,2.60,77,1035.7,42.707100,-70.705440,214,4.5,-1.00,999.00,1.300,0.60,-0.90,2026-04-09 02:40:00
35,2026-04-09 07:00:00,0.27,4.3,90,100,0.45,0.34,216,3.5,2.60,77,1035.6,42.707100,-70.705440,215,4.6,-1.00,999.00,1.300,0.60,-0.90,2026-04-09 03:00:00
36,2026-04-09 07:20:00,0.25,6.2,98,101,0.41,0.32,226,5.5,2.40,76,1035.7,42.707110,-70.705440,226,4.9,-2.00,999.00,1.300,0.40,-1.20,2026-04-09 03:20:00
37,2026-04-09 07:40:00,0.24,4.7,97,109,0.40,0.30,220,5.9,2.30,77,1035.7,42.707110,-70.705420,222,5.9,-3.00,999.00,1.300,0.40,-1.10,2026-04-09 03:40:00
38,2026-04-09 08:00:00,0.25,5.1,100,109,0.42,0.32,234,4.6,2.30,79,1035.7,42.707110,-70.705390,223,5.9,-2.00,999.00,1.300,0.40,-0.90,2026-04-09 04:00:00
39,2026-04-09 08:20:00,0.25,5.3,96,110,0.40,0.31,227,4.9,2.10,80,1035.8,42.707100,-70.705420,228,5.1,-2.00,999.00,1.300,0.30,-0.90,2026-04-09 04:20:00
40,2026-04-09 08:40:00,0.25,4.6,95,101,0.41,0.31,221,4.3,2.10,81,1036.0,42.707100,-70.705420,222,4.2,-2.00,999.00,1.300,0.50,-0.70,2026-04-09 04:40:00
41,2026-04-09 09:00:00,0.23,5.8,99,100,0.37,0.29,213,3.4,2.20,83,1035.9,42.707100,-70.705420,221,4.0,-1.00,999.00,1.300,0.60,-0.30,2026-04-09 05:00:00
42,2026-04-09 09:20:00,0.22,6.1,95,95,0.36,0.28,232,4.4,2.00,82,1035.9,42.707100,-70.705420,233,4.1,-2.00,999.00,1.300,0.40,-0.70,2026-04-09 05:20:00
43,2026-04-09 09:40:00,0.21,6.1,96,100,0.34,0.27,221,4.4,1.80,83,1036.1,42.707100,-70.705420,236,4.0,-2.00,999.00,1.300,0.30,-0.70,2026-04-09 05:40:00
44,2026-04-09 10:00:00,0.20,5.4,92,97,0.32,0.25,239,3.5,1.80,84,1036.2,42.707100,-70.705430,239,4.0,-2.00,999.00,1.300,0.30,-0.60,2026-04-09 06:00:00
45,2026-04-09 10:20:00,0.20,5.5,96,95,0.32,0.25,220,4.8,2.00,84,1036.5,42.707080,-70.705420,236,4.4,-2.00,999.00,1.300,0.50,-0.40,2026-04-09 06:20:00
46,2026-04-09 10:40:00,0.20,5.5,94,95,0.33,0.26,223,3.9,1.90,84,1036.6,42.707100,-70.705430,231,4.2,-2.00,999.00,1.300,0.40,-0.50,2026-04-09 06:40:00
47,2026-04-09 11:00:00,0.18,5.3,91,94,0.30,0.23,235,4.9,1.90,85,1036.8,42.707100,-70.705420,236,4.3,-3.00,999.00,1.300,0.50,-0.30,2026-04-09 07:00:00
48,2026-04-09 11:20:00,0.19,6.0,97,94,0.31,0.24,245,5.5,2.00,85,1036.9,42.707100,-70.705420,232,4.9,-3.00,999.00,1.300,0.60,-0.20,2026-04-09 07:20:00
49,2026-04-09 11:40:00,0.19,5.3,92,93,0.32,0.25,230,5.6,2.20,83,1037.0,42.707110,-70.705420,231,5.0,-2.00,999.00,1.300,0.70,-0.30,2026-04-09 07:40:00
50,2026-04-09 12:00:00,0.21,5.4,93,96,0.34,0.26,230,4.3,2.30,82,1037.0,42.707110,-70.705420,231,4.6,-2.00,999.00,1.300,0.70,-0.40,2026-04-09 08:00:00
1,2026-04-09 12:00:00,0.21,5.4,93,96,0.34,0.26,230,4.3,2.30,82,1037.0,42.707110,-70.705420,231,4.6,-2.00,999.00,1.300,0.70,-0.40,2026-04-09 08:00:00
2,2026-04-09 12:20:00,0.21,5.4,94,93,0.34,0.26,222,3.8,2.80,81,1037.0,42.707100,-70.705420,231,4.3,-1.00,999.00,1.300,1.10,-0.10,2026-04-09 08:20:00
3,2026-04-09 12:40:00,0.19,5.9,96,94,0.32,0.25,218,3.9,3.20,76,1037.0,42.707120,-70.705420,212,4.0,0.00,999.00,1.300,1.10,-0.50,2026-04-09 08:40:00
1,2026-04-09 12:40:00,0.19,5.9,96,94,0.32,0.25,218,3.9,3.20,76,1037.0,42.707120,-70.705420,212,4.0,0.00,999.00,1.300,1.10,-0.50,2026-04-09 08:40:00
2,2026-04-09 13:00:00,0.19,5.9,95,92,0.30,0.24,224,3.0,3.90,73,1036.9,42.707120,-70.705390,223,3.6,1.00,999.00,1.300,1.40,-0.50,2026-04-09 09:00:00
1,2026-04-09 13:00:00,0.19,5.9,95,92,0.30,0.24,224,3.0,3.90,73,1036.9,42.707120,-70.705390,223,3.6,1.00,999.00,1.300,1.40,-0.50,2026-04-09 09:00:00
2,2026-04-09 13:20:00,0.18,5.5,94,93,0.29,0.23,232,2.4,4.60,69,1036.8,42.707100,-70.705420,231,2.9,2.00,999.00,1.300,1.90,-0.50,2026-04-09 09:20:00
3,2026-04-09 13:40:00,0.16,5.3,90,91,0.26,0.20,214,4.4,5.20,62,1036.8,42.707110,-70.705420,215,4.0,2.00,999.00,1.300,1.80,-1.50,2026-04-09 09:40:00
4,2026-04-09 14:00:00,0.18,6.0,92,94,0.29,0.23,209,4.1,5.60,57,1036.7,NA,NA,NA,NA,NA,NA,NA,NA,NA,2026-04-09 10:00:00
1,2026-04-09 14:00:00,0.18,6.0,92,94,0.29,0.23,209,4.1,5.60,57,1036.7,42.707110,-70.705430,210,4.2,3.00,999.00,1.300,1.90,-2.10,2026-04-09 10:00:00
1,2026-04-09 14:00:00,0.18,6.0,92,94,0.29,0.23,209,4.1,5.60,57,1036.7,42.707110,-70.705430,210,4.2,3.00,999.00,1.300,1.90,-2.10,2026-04-09 10:00:00
2,2026-04-09 14:20:00,0.21,5.2,91,99,0.35,0.27,198,7.2,5.90,53,1036.5,42.707110,-70.705440,202,4.9,2.00,999.00,1.300,1.80,-2.80,2026-04-09 10:20:00
3,2026-04-09 14:40:00,0.24,5.7,103,133,0.39,0.30,194,7.1,6.10,42,1036.5,42.707110,-70.705470,197,6.5,2.00,999.00,1.300,1.10,-5.90,2026-04-09 10:40:00
1,2026-04-09 14:40:00,0.24,5.7,103,133,0.39,0.30,194,7.1,6.10,42,1036.5,42.707110,-70.705470,197,6.5,2.00,999.00,1.300,1.10,-5.90,2026-04-09 10:40:00
2,2026-04-09 15:00:00,0.25,1.8,187,159,0.45,0.32,187,5.9,6.10,47,1036.2,42.707110,-70.705470,194,5.6,2.00,999.00,1.300,1.50,-4.20,2026-04-09 11:00:00
